{
    "$schema": "https://json-schema.org/draft/2020-12/schema",
    "properties": {
        "Configmap": {
            "description": "Configuration map for the Spark history server",
            "properties": {
                "core-site": {
                    "properties": {
                        "data": {
                            "properties": {
                                "core-site.xml": {
                                    "properties": {
                                        "data": {
                                            "type": "string"
                                        }
                                    },
                                    "type": "object"
                                },
                                "hbase-site.xml": {
                                    "properties": {
                                        "data": {
                                            "type": "string"
                                        }
                                    },
                                    "type": "object"
                                },
                                "hdfs-site.xml": {
                                    "properties": {
                                        "data": {
                                            "type": "string"
                                        }
                                    },
                                    "type": "object"
                                },
                                "hive-site.xml": {
                                    "properties": {
                                        "data": {
                                            "type": "string"
                                        }
                                    },
                                    "type": "object"
                                },
                                "yarn-site.xml": {
                                    "properties": {
                                        "data": {
                                            "type": "string"
                                        }
                                    },
                                    "type": "object"
                                }
                            },
                            "type": "object"
                        },
                        "mounttype": {
                            "properties": {
                                "container": {
                                    "description": "The name of the container to mount the configmap to",
                                    "type": "string"
                                },
                                "dest": {
                                    "description": "The destination type for mounting",
                                    "enum": [
                                        "env",
                                        "volume"
                                    ],
                                    "type": "string"
                                },
                                "mountpath": {
                                    "type": "string"
                                },
                                "subpath": {
                                    "type": "string"
                                }
                            },
                            "required": [
                                "container",
                                "dest"
                            ],
                            "type": "object"
                        },
                        "name": {
                            "description": "The name of the configmap",
                            "type": "string"
                        }
                    },
                    "required": [
                        "data"
                    ],
                    "type": "object"
                },
                "hdfs-site": {
                    "properties": {
                        "data": {
                            "properties": {
                                "core-site.xml": {
                                    "properties": {
                                        "data": {
                                            "type": "string"
                                        }
                                    },
                                    "type": "object"
                                },
                                "hbase-site.xml": {
                                    "properties": {
                                        "data": {
                                            "type": "string"
                                        }
                                    },
                                    "type": "object"
                                },
                                "hdfs-site.xml": {
                                    "properties": {
                                        "data": {
                                            "type": "string"
                                        }
                                    },
                                    "type": "object"
                                },
                                "hive-site.xml": {
                                    "properties": {
                                        "data": {
                                            "type": "string"
                                        }
                                    },
                                    "type": "object"
                                },
                                "yarn-site.xml": {
                                    "properties": {
                                        "data": {
                                            "type": "string"
                                        }
                                    },
                                    "type": "object"
                                }
                            },
                            "type": "object"
                        },
                        "mounttype": {
                            "properties": {
                                "container": {
                                    "description": "The name of the container to mount the configmap to",
                                    "type": "string"
                                },
                                "dest": {
                                    "description": "The destination type for mounting",
                                    "enum": [
                                        "env",
                                        "volume"
                                    ],
                                    "type": "string"
                                },
                                "mountpath": {
                                    "type": "string"
                                },
                                "subpath": {
                                    "type": "string"
                                }
                            },
                            "required": [
                                "container",
                                "dest"
                            ],
                            "type": "object"
                        },
                        "name": {
                            "description": "The name of the configmap",
                            "type": "string"
                        }
                    },
                    "required": [
                        "mounttype",
                        "data"
                    ],
                    "type": "object"
                },
                "spark-history-server": {
                    "properties": {
                        "data": {
                            "description": "Data entries in the configmap",
                            "properties": {
                                "accessKeyName": {
                                    "description": "Access key name for AWS",
                                    "properties": {
                                        "data": {
                                            "description": "Data value for access key name",
                                            "type": "string"
                                        }
                                    },
                                    "type": "object"
                                },
                                "enableGCS": {
                                    "description": "Enable Google Cloud Storage",
                                    "properties": {
                                        "data": {
                                            "description": "Data value for enabling Google Cloud Storage",
                                            "type": "string"
                                        }
                                    },
                                    "type": "object"
                                },
                                "enableIAM": {
                                    "description": "Enable IAM (Identity and Access Management)",
                                    "properties": {
                                        "data": {
                                            "description": "Data value for enabling IAM",
                                            "type": "string"
                                        }
                                    },
                                    "type": "object"
                                },
                                "enablePVC": {
                                    "description": "Enable Persistent Volume Claim",
                                    "properties": {
                                        "data": {
                                            "description": "Data value for enabling Persistent Volume Claim",
                                            "type": "string"
                                        }
                                    },
                                    "type": "object"
                                },
                                "enableS3": {
                                    "description": "Enable Amazon S3",
                                    "properties": {
                                        "data": {
                                            "description": "Data value for enabling Amazon S3",
                                            "type": "string"
                                        }
                                    },
                                    "type": "object"
                                },
                                "enableWASBS": {
                                    "description": "Enable Azure Blob Storage",
                                    "properties": {
                                        "data": {
                                            "description": "Data value for enabling Azure Blob Storage",
                                            "type": "string"
                                        }
                                    },
                                    "type": "object"
                                },
                                "logDirectory": {
                                    "description": "Log directory for AWS S3",
                                    "properties": {
                                        "data": {
                                            "description": "Data value for log directory",
                                            "type": "string"
                                        }
                                    },
                                    "type": "object"
                                },
                                "secretKeyName": {
                                    "description": "Secret key name for AWS",
                                    "properties": {
                                        "data": {
                                            "description": "Data value for secret key name",
                                            "type": "string"
                                        }
                                    },
                                    "type": "object"
                                }
                            },
                            "type": "object"
                        },
                        "mounttype": {
                            "description": "Mount type for the configmap",
                            "properties": {
                                "container": {
                                    "description": "Container to mount the configmap to",
                                    "type": "string"
                                },
                                "dest": {
                                    "description": "Destination in the container to mount the configmap",
                                    "enum": [
                                        "env",
                                        "volume"
                                    ],
                                    "type": "string"
                                }
                            },
                            "required": [
                                "container",
                                "dest"
                            ],
                            "type": "object"
                        },
                        "name": {
                            "description": "The name of the configmap",
                            "type": "string"
                        }
                    },
                    "required": [
                        "data"
                    ],
                    "type": "object"
                }
            },
            "type": "object"
        },
        "Deployment": {
            "properties": {
                "activeDeadlineSeconds": {
                    "description": "Active deadline in seconds for the deployment",
                    "type": "integer"
                },
                "affinity": {
                    "description": "Affinity settings for the deployment",
                    "properties": {
                        "nodeAffinity": {
                            "properties": {
                                "requiredDuringSchedulingIgnoredDuringExecution": {
                                    "properties": {
                                        "nodeSelectorTerms": {
                                            "items": {
                                                "properties": {
                                                    "matchExpressions": {
                                                        "items": {
                                                            "properties": {
                                                                "key": {
                                                                    "type": "string"
                                                                },
                                                                "operator": {
                                                                    "type": "string"
                                                                },
                                                                "values": {
                                                                    "items": {
                                                                        "type": "string"
                                                                    },
                                                                    "type": "array"
                                                                }
                                                            },
                                                            "type": "object"
                                                        },
                                                        "type": "array"
                                                    }
                                                },
                                                "type": "object"
                                            },
                                            "type": "array"
                                        }
                                    },
                                    "type": "object"
                                }
                            },
                            "type": "object"
                        },
                        "podAffinity": {
                            "properties": {
                                "requiredDuringSchedulingIgnoredDuringExecution": {
                                    "items": {
                                        "properties": {
                                            "labelSelector": {
                                                "properties": {
                                                    "matchExpressions": {
                                                        "items": {
                                                            "properties": {
                                                                "key": {
                                                                    "type": "string"
                                                                },
                                                                "operator": {
                                                                    "type": "string"
                                                                },
                                                                "values": {
                                                                    "items": {
                                                                        "type": "string"
                                                                    },
                                                                    "type": "array"
                                                                }
                                                            },
                                                            "type": "object"
                                                        },
                                                        "type": "array"
                                                    }
                                                },
                                                "type": "object"
                                            },
                                            "topologyKey": {
                                                "type": "string"
                                            }
                                        },
                                        "type": "object"
                                    },
                                    "type": "array"
                                }
                            },
                            "type": "object"
                        },
                        "podAntiAffinity": {
                            "properties": {
                                "preferredDuringSchedulingIgnoredDuringExecution": {
                                    "items": {
                                        "properties": {
                                            "podAffinityTerm": {
                                                "properties": {
                                                    "labelSelector": {
                                                        "properties": {
                                                            "matchExpressions": {
                                                                "items": {
                                                                    "properties": {
                                                                        "key": {
                                                                            "type": "string"
                                                                        },
                                                                        "operator": {
                                                                            "type": "string"
                                                                        },
                                                                        "values": {
                                                                            "items": {
                                                                                "type": "string"
                                                                            },
                                                                            "type": "array"
                                                                        }
                                                                    },
                                                                    "type": "object"
                                                                },
                                                                "type": "array"
                                                            }
                                                        },
                                                        "type": "object"
                                                    },
                                                    "topologyKey": {
                                                        "type": "string"
                                                    }
                                                },
                                                "type": "object"
                                            },
                                            "weight": {
                                                "type": "integer"
                                            }
                                        },
                                        "type": "object"
                                    },
                                    "type": "array"
                                }
                            },
                            "type": "object"
                        }
                    },
                    "type": "object"
                },
                "automountServiceAccountToken": {
                    "description": "Whether to automatically mount the service account token",
                    "type": "boolean"
                },
                "containers": {
                    "description": "Containers for the deployment",
                    "properties": {
                        "oauth2-proxy": {
                            "description": "The container name",
                            "properties": {
                                "args": {
                                    "description": "Arguments for the container",
                                    "items": {
                                        "type": "string"
                                    },
                                    "type": "array"
                                },
                                "image": {
                                    "description": "Image information for the container",
                                    "properties": {
                                        "registry": {
                                            "description": "Registry for the image",
                                            "type": "string"
                                        },
                                        "repository": {
                                            "description": "Repository for the image",
                                            "type": "string"
                                        },
                                        "tag": {
                                            "description": "Tag for the image",
                                            "type": "string"
                                        }
                                    },
                                    "required": [
                                        "registry",
                                        "repository",
                                        "tag"
                                    ],
                                    "type": "object"
                                },
                                "ports": {
                                    "description": "Ports for the container",
                                    "items": {
                                        "properties": {
                                            "containerPort": {
                                                "description": "Container port",
                                                "type": "integer"
                                            },
                                            "protocol": {
                                                "description": "Protocol for the port",
                                                "type": "string"
                                            }
                                        },
                                        "type": "object"
                                    },
                                    "type": "array"
                                },
                                "resources": {
                                    "description": "Resource limits and requests for the container",
                                    "properties": {},
                                    "type": "object"
                                },
                                "terminationMessagePath": {
                                    "type": "string"
                                },
                                "terminationMessagePolicy": {
                                    "type": "string"
                                },
                                "volumeMounts": {
                                    "description": "Volume mounts for the container",
                                    "type": "array"
                                }
                            },
                            "required": [
                                "image"
                            ],
                            "type": "object"
                        },
                        "spark-history-server": {
                            "description": "The container name",
                            "properties": {
                                "command": {
                                    "description": "Command for the container",
                                    "items": {
                                        "type": "string"
                                    },
                                    "type": "array"
                                },
                                "env": {
                                    "description": "Environment variables for the container",
                                    "properties": {
                                        "HADOOP_CONF_DIR": {
                                            "type": "string"
                                        },
                                        "SPARK_NO_DAEMONIZE": {
                                            "type": "string"
                                        }
                                    },
                                    "type": "object"
                                },
                                "image": {
                                    "description": "Image information for the container",
                                    "properties": {
                                        "registry": {
                                            "description": "Registry for the image",
                                            "type": "string"
                                        },
                                        "repository": {
                                            "description": "Repository for the image",
                                            "type": "string"
                                        },
                                        "tag": {
                                            "description": "Tag for the image",
                                            "type": "string"
                                        }
                                    },
                                    "required": [
                                        "registry",
                                        "repository",
                                        "tag"
                                    ],
                                    "type": "object"
                                },
                                "livenessProbe": {
                                    "description": "Liveness probe for the container",
                                    "properties": {
                                        "failureThreshold": {
                                            "type": "integer"
                                        },
                                        "httpGet": {
                                            "properties": {
                                                "path": {
                                                    "type": "string"
                                                },
                                                "port": {
                                                    "type": "string"
                                                },
                                                "scheme": {
                                                    "type": "string"
                                                }
                                            },
                                            "type": "object"
                                        },
                                        "periodSeconds": {
                                            "type": "integer"
                                        },
                                        "successThreshold": {
                                            "type": "integer"
                                        },
                                        "timeoutSeconds": {
                                            "type": "integer"
                                        }
                                    },
                                    "type": "object"
                                },
                                "ports": {
                                    "description": "Ports for the container",
                                    "items": {
                                        "properties": {
                                            "containerPort": {
                                                "description": "Container port",
                                                "type": "integer"
                                            },
                                            "name": {
                                                "description": "Name of the port",
                                                "type": "string"
                                            },
                                            "protocol": {
                                                "description": "Protocol for the port",
                                                "type": "string"
                                            }
                                        },
                                        "type": "object"
                                    },
                                    "type": "array"
                                },
                                "readinessProbe": {
                                    "description": "Readiness probe for the container",
                                    "properties": {
                                        "failureThreshold": {
                                            "type": "integer"
                                        },
                                        "httpGet": {
                                            "properties": {
                                                "path": {
                                                    "type": "string"
                                                },
                                                "port": {
                                                    "type": "string"
                                                },
                                                "scheme": {
                                                    "type": "string"
                                                }
                                            },
                                            "type": "object"
                                        },
                                        "periodSeconds": {
                                            "type": "integer"
                                        },
                                        "successThreshold": {
                                            "type": "integer"
                                        },
                                        "timeoutSeconds": {
                                            "type": "integer"
                                        }
                                    },
                                    "type": "object"
                                },
                                "volumeMounts": {
                                    "description": "Volume mounts for the container",
                                    "type": "array"
                                }
                            },
                            "required": [
                                "image"
                            ],
                            "type": "object"
                        }
                    },
                    "required": [
                        "oauth2-proxy",
                        "spark-history-server"
                    ],
                    "type": "object"
                },
                "dnsConfig": {
                    "description": "DNS configuration for the deployment",
                    "properties": {
                        "nameservers": {
                            "items": {
                                "description": "Nameservers for DNS resolution",
                                "type": "string"
                            },
                            "type": "array"
                        },
                        "options": {
                            "description": "DNS options",
                            "items": {
                                "properties": {
                                    "name": {
                                        "type": "string"
                                    },
                                    "value": {
                                        "type": "string"
                                    }
                                },
                                "type": "object"
                            },
                            "type": "array"
                        },
                        "searches": {
                            "description": "DNS search domains",
                            "items": {
                                "type": "string"
                            },
                            "type": "array"
                        }
                    },
                    "type": "object"
                },
                "dnsPolicy": {
                    "description": "The DNS policy for the deployment",
                    "type": "string"
                },
                "enableServiceLinks": {
                    "description": "Whether to enable service links",
                    "type": "boolean"
                },
                "ephemeralContainers": {
                    "description": "Ephemeral containers for the deployment",
                    "type": "array"
                },
                "hostAliases": {
                    "description": "Host aliases for the deployment",
                    "items": {
                        "properties": {
                            "hostnames": {
                                "items": {
                                    "type": "string"
                                },
                                "type": "array"
                            },
                            "ip": {
                                "type": "string"
                            }
                        },
                        "type": "object"
                    },
                    "type": "array"
                },
                "hostIPC": {
                    "description": "Whether to use host IPC",
                    "type": "boolean"
                },
                "hostNetwork": {
                    "description": "Whether to use host networking",
                    "type": "boolean"
                },
                "hostUsers": {
                    "description": "Whether to use host users",
                    "type": "boolean"
                },
                "hostname": {
                    "description": "Hostname for the deployment",
                    "type": "string"
                },
                "imagePullSecrets": {
                    "description": "Image pull secrets for the deployment",
                    "items": {
                        "properties": {
                            "name": {
                                "description": "Name of the image pull secret",
                                "type": "string"
                            }
                        },
                        "type": "object"
                    },
                    "type": "array"
                },
                "initContainers": {
                    "description": "Init containers for the deployment",
                    "type": "array"
                },
                "name": {
                    "description": "The name of the deployment",
                    "type": "string"
                },
                "nodeName": {
                    "description": "Node name for the deployment",
                    "type": "string"
                },
                "nodeSelector": {
                    "description": "Node selector for the deployment",
                    "properties": {
                        "region": {
                            "type": "string"
                        }
                    },
                    "type": "object"
                },
                "os": {
                    "description": "Operating system for the deployment",
                    "properties": {
                        "name": {
                            "type": "string"
                        }
                    },
                    "type": "object"
                },
                "overhead": {
                    "description": "Resource overhead for the deployment",
                    "properties": {
                        "cpu": {
                            "type": "string"
                        },
                        "memory": {
                            "type": "string"
                        }
                    },
                    "type": "object"
                },
                "preemptionPolicy": {
                    "description": "Preemption policy for the deployment",
                    "type": "string"
                },
                "priority": {
                    "description": "Priority for the deployment",
                    "type": "integer"
                },
                "priorityClassName": {
                    "description": "Priority class name for the deployment",
                    "type": "string"
                },
                "readinessGates": {
                    "description": "Readiness gates for the deployment",
                    "items": {
                        "properties": {
                            "conditionType": {
                                "type": "string"
                            }
                        },
                        "type": "object"
                    },
                    "type": "array"
                },
                "replicas": {
                    "description": "The number of replicas for the deployment",
                    "type": "integer"
                },
                "restartPolicy": {
                    "description": "Restart policy for the deployment",
                    "type": "string"
                },
                "schedulerName": {
                    "description": "Scheduler name for the deployment",
                    "type": "string"
                },
                "securityContext": {
                    "description": "Security context for the deployment",
                    "properties": {
                        "fsGroup": {
                            "description": "Group ID for the container's filesystem",
                            "type": "integer"
                        },
                        "fsGroupChangePolicy": {
                            "description": "Policy for changing the fsGroup",
                            "type": "string"
                        },
                        "runAsGroup": {
                            "description": "Group ID to run the container as",
                            "type": "integer"
                        },
                        "runAsNonRoot": {
                            "description": "Whether to run the container as a non-root user",
                            "type": "boolean"
                        },
                        "runAsUser": {
                            "description": "User ID to run the container as",
                            "type": "integer"
                        }
                    },
                    "type": "object"
                },
                "serviceAccount": {
                    "description": "Service account for the deployment",
                    "type": "string"
                },
                "serviceAccountName": {
                    "description": "Service account name for the deployment",
                    "type": "string"
                },
                "setHostnameAsFQDN": {
                    "description": "Whether to set the hostname as the FQDN",
                    "type": "boolean"
                },
                "shareProcessNamespace": {
                    "description": "Whether to share the process namespace",
                    "type": "boolean"
                },
                "strategy": {
                    "description": "Strategy for updating the deployment",
                    "properties": {
                        "rollingUpdate": {
                            "properties": {
                                "maxSurge": {
                                    "type": "string"
                                },
                                "maxUnavailable": {
                                    "type": "string"
                                }
                            },
                            "type": "object"
                        },
                        "type": {
                            "description": "Type of update strategy",
                            "type": "string"
                        }
                    },
                    "type": "object"
                },
                "subdomain": {
                    "description": "Subdomain for the deployment",
                    "type": "string"
                },
                "terminationGracePeriodSeconds": {
                    "description": "Termination grace period in seconds for the deployment",
                    "type": "integer"
                },
                "tolerations": {
                    "description": "Tolerations for the deployment",
                    "type": "array"
                },
                "topologySpreadConstraints": {
                    "description": "Topology spread constraints for the deployment",
                    "items": {
                        "properties": {
                            "labelSelector": {
                                "properties": {
                                    "matchLabels": {
                                        "properties": {
                                            "app": {
                                                "type": "string"
                                            }
                                        },
                                        "type": "object"
                                    }
                                },
                                "type": "object"
                            },
                            "matchLabelKeys": {
                                "items": {
                                    "type": "string"
                                },
                                "type": "array"
                            },
                            "maxSkew": {
                                "type": "integer"
                            },
                            "topologyKey": {
                                "type": "string"
                            },
                            "whenUnsatisfiable": {
                                "type": "string"
                            }
                        },
                        "type": "object"
                    },
                    "type": "array"
                },
                "volumes": {
                    "description": "Volumes for the deployment",
                    "type": "array"
                }
            },
            "required": [
                "containers"
            ],
            "type": "object"
        },
        "Rbac": {
            "description": "RBAC for the Spark history server",
            "properties": {
                "rbac1": {
                    "properties": {
                        "aggregationRules": {
                            "description": "Rules for aggregating cluster roles",
                            "properties": {
                                "clusterRoleSelectors": {
                                    "items": {
                                        "properties": {
                                            "matchLabels": {
                                                "properties": {
                                                    "rbac.example.com/aggregate-to-monitoring": {
                                                        "description": "Label selector for aggregating cluster roles",
                                                        "type": "string"
                                                    }
                                                },
                                                "type": "object"
                                            }
                                        },
                                        "type": "object"
                                    },
                                    "type": "array"
                                }
                            },
                            "type": "object"
                        },
                        "clusterWideAccess": {
                            "description": "Whether the role has cluster-wide access",
                            "type": "boolean"
                        },
                        "name": {
                            "description": "Name of the RBAC",
                            "type": "string"
                        },
                        "rules": {
                            "description": "Rules defining access permissions",
                            "items": {
                                "properties": {
                                    "apiGroups": {
                                        "description": "API groups the rule applies to",
                                        "items": {
                                            "type": "string"
                                        },
                                        "type": "array"
                                    },
                                    "resources": {
                                        "description": "Resources the rule applies to",
                                        "items": {
                                            "type": "string"
                                        },
                                        "type": "array"
                                    },
                                    "verbs": {
                                        "description": "Verbs allowed for the resources",
                                        "items": {
                                            "type": "string"
                                        },
                                        "type": "array"
                                    }
                                },
                                "required": [
                                    "apiGroups",
                                    "resources",
                                    "verbs"
                                ],
                                "type": "object"
                            },
                            "type": "array"
                        }
                    },
                    "required": [
                        "clusterWideAccess",
                        "rules"
                    ],
                    "type": "object"
                }
            },
            "type": "object"
        },
        "RbacBinding": {
            "description": "This is the rbacBinding for the \u003c\u003e",
            "properties": {
                "rbac1": {
                    "properties": {
                        "clusterWideAccess": {
                            "description": "Whether the role has cluster-wide access",
                            "type": "boolean"
                        },
                        "name": {
                            "description": "The name of the rbacBinding",
                            "type": "string"
                        },
                        "roleRef": {
                            "description": "The role reference for the rbacBinding",
                            "properties": {
                                "name": {
                                    "description": "The name of the role being referenced",
                                    "type": "string"
                                }
                            },
                            "type": "object"
                        },
                        "subjects": {
                            "description": "The subjects that the rbacBinding applies to",
                            "items": {
                                "properties": {
                                    "name": {
                                        "description": "The name of the subject",
                                        "type": "string"
                                    }
                                },
                                "type": "object"
                            },
                            "type": "array"
                        }
                    },
                    "required": [
                        "clusterWideAccess",
                        "subjects",
                        "roleRef"
                    ],
                    "type": "object"
                }
            },
            "type": "object"
        },
        "Secret": {
            "description": "This is the Secret for the \u003c\u003e",
            "properties": {
                "aws-secrets": {
                    "properties": {
                        "data": {
                            "properties": {
                                "accessKeyName": {
                                    "description": "The access key name for AWS",
                                    "properties": {
                                        "data": {
                                            "type": "string"
                                        }
                                    },
                                    "type": "object"
                                },
                                "secretKeyName": {
                                    "description": "The secret key name for AWS",
                                    "properties": {
                                        "data": {
                                            "type": "string"
                                        }
                                    },
                                    "type": "object"
                                }
                            },
                            "type": "object"
                        },
                        "mounttype": {
                            "description": "Mount type for the secret",
                            "properties": {
                                "container": {
                                    "description": "The container to mount the secret to",
                                    "type": "string"
                                },
                                "dest": {
                                    "description": "The destination type for mounting",
                                    "enum": [
                                        "env",
                                        "volume"
                                    ],
                                    "type": "string"
                                },
                                "mountpath": {
                                    "description": "The path to mount the secret to",
                                    "type": "string"
                                }
                            },
                            "required": [
                                "dest",
                                "container"
                            ],
                            "type": "object"
                        },
                        "name": {
                            "description": "The name of the secret",
                            "type": "string"
                        }
                    },
                    "required": [
                        "mounttype",
                        "data"
                    ],
                    "type": "object"
                },
                "oauth2-proxy-secrets": {
                    "properties": {
                        "data": {
                            "properties": {
                                "OAUTH2_PROXY_CLIENT_SECRET": {
                                    "description": "The client secret for OAuth2 proxy",
                                    "properties": {
                                        "data": {
                                            "type": "string"
                                        }
                                    },
                                    "type": "object"
                                }
                            },
                            "type": "object"
                        },
                        "mounttype": {
                            "description": "Mount type for the secret",
                            "properties": {
                                "container": {
                                    "description": "The container to mount the secret to",
                                    "type": "string"
                                },
                                "dest": {
                                    "description": "The destination type for mounting",
                                    "enum": [
                                        "env",
                                        "volume"
                                    ],
                                    "type": "string"
                                }
                            },
                            "required": [
                                "dest",
                                "container"
                            ],
                            "type": "object"
                        },
                        "name": {
                            "description": "The name of the secret",
                            "type": "string"
                        }
                    },
                    "required": [
                        "mounttype",
                        "data"
                    ],
                    "type": "object"
                }
            },
            "type": "object"
        },
        "Service": {
            "description": "This is the service for the \u003c\u003e",
            "properties": {
                "service1": {
                    "properties": {
                        "allocateLoadBalancerNodePorts": {
                            "description": "Whether to allocate node ports on load balancer",
                            "type": "boolean"
                        },
                        "clusterIP": {
                            "description": "Cluster IP address",
                            "type": "string"
                        },
                        "clusterIPs": {
                            "description": "List of cluster IP addresses",
                            "items": {
                                "type": "string"
                            },
                            "type": "array"
                        },
                        "externalIPs": {
                            "description": "List of external IP addresses",
                            "items": {
                                "type": "string"
                            },
                            "type": "array"
                        },
                        "externalName": {
                            "description": "External name for the service",
                            "type": "string"
                        },
                        "externalTrafficPolicy": {
                            "description": "External traffic policy (Cluster, Local)",
                            "type": "string"
                        },
                        "healthCheckNodePort": {
                            "description": "Node port for health checks",
                            "type": "integer"
                        },
                        "internalTrafficPolicy": {
                            "description": "Internal traffic policy (Cluster, Local)",
                            "type": "string"
                        },
                        "ipFamilies": {
                            "description": "List of IP families (IPv4, IPv6)",
                            "items": {
                                "type": "string"
                            },
                            "type": "array"
                        },
                        "ipFamilyPolicy": {
                            "description": "IP family policy (RequireDualStack, RequireIPv4, RequireIPv6)",
                            "type": "string"
                        },
                        "loadBalancerClass": {
                            "description": "Load balancer class for the service",
                            "type": "string"
                        },
                        "loadBalancerIP": {
                            "description": "Load balancer IP address",
                            "type": "string"
                        },
                        "loadBalancerSourceRanges": {
                            "description": "List of load balancer source IP ranges",
                            "items": {
                                "type": "string"
                            },
                            "type": "array"
                        },
                        "name": {
                            "description": "The name of the service",
                            "type": "string"
                        },
                        "nodePort": {
                            "description": "Node port",
                            "type": "integer"
                        },
                        "ports": {
                            "description": "List of ports for the service",
                            "items": {
                                "properties": {
                                    "name": {
                                        "description": "The name of the port",
                                        "type": "string"
                                    },
                                    "port": {
                                        "description": "The port number the service will listen on",
                                        "type": "integer"
                                    },
                                    "protocol": {
                                        "description": "The protocol used for the port (TCP, UDP, SCTP)",
                                        "type": "string"
                                    },
                                    "targetPort": {
                                        "description": "The port on the pod the service will forward traffic to",
                                        "type": "integer"
                                    }
                                },
                                "type": "object"
                            },
                            "type": "array"
                        },
                        "publishNotReadyAddresses": {
                            "description": "Whether to publish not-ready addresses for this service",
                            "type": "boolean"
                        },
                        "selector": {
                            "description": "The selector for the service",
                            "properties": {},
                            "type": "object"
                        },
                        "sessionAffinity": {
                            "description": "Session affinity type for the service",
                            "type": "string"
                        },
                        "sessionAffinityConfig": {
                            "description": "Session affinity config for client IP",
                            "properties": {
                                "clientIP": {
                                    "properties": {
                                        "timeoutSeconds": {
                                            "type": "integer"
                                        }
                                    },
                                    "type": "object"
                                }
                            },
                            "type": "object"
                        },
                        "trafficDistribution": {
                            "description": "Traffic distribution (Cluster, Local)",
                            "type": "string"
                        },
                        "type": {
                            "description": "The type of service (ClusterIP, NodePort, LoadBalancer, ExternalName)",
                            "type": "string"
                        }
                    },
                    "required": [
                        "ports"
                    ],
                    "type": "object"
                }
            },
            "type": "object"
        },
        "ServiceAccount": {
            "description": "This is the serviceAccount for the \u003c\u003e",
            "properties": {
                "automountServiceAccountToken": {
                    "description": "Whether to automatically mount the service account token",
                    "type": "boolean"
                },
                "imagePullSecrets": {
                    "description": "Image pull secrets for the service account",
                    "type": "array"
                },
                "name": {
                    "description": "The name of the service account",
                    "type": "string"
                },
                "secrets": {
                    "description": "Secrets for the service account",
                    "type": "array"
                }
            },
            "type": "object"
        },
        "global": {
            "properties": {
                "affinity": {
                    "properties": {
                        "podAffinity": {
                            "properties": {
                                "requiredDuringSchedulingIgnoredDuringExecution": {
                                    "items": {
                                        "properties": {
                                            "labelSelector": {
                                                "properties": {
                                                    "matchExpressions": {
                                                        "items": {
                                                            "properties": {
                                                                "key": {
                                                                    "type": "string"
                                                                },
                                                                "operator": {
                                                                    "type": "string"
                                                                },
                                                                "values": {
                                                                    "items": {
                                                                        "type": "string"
                                                                    },
                                                                    "type": "array"
                                                                }
                                                            },
                                                            "type": "object"
                                                        },
                                                        "type": "array"
                                                    }
                                                },
                                                "type": "object"
                                            },
                                            "topologyKey": {
                                                "type": "string"
                                            }
                                        },
                                        "type": "object"
                                    },
                                    "type": "array"
                                }
                            },
                            "type": "object"
                        },
                        "podAntiAffinity": {
                            "properties": {
                                "preferredDuringSchedulingIgnoredDuringExecution": {
                                    "items": {
                                        "properties": {
                                            "podAffinityTerm": {
                                                "properties": {
                                                    "labelSelector": {
                                                        "properties": {
                                                            "matchExpressions": {
                                                                "items": {
                                                                    "properties": {
                                                                        "key": {
                                                                            "type": "string"
                                                                        },
                                                                        "operator": {
                                                                            "type": "string"
                                                                        },
                                                                        "values": {
                                                                            "items": {
                                                                                "type": "string"
                                                                            },
                                                                            "type": "array"
                                                                        }
                                                                    },
                                                                    "type": "object"
                                                                },
                                                                "type": "array"
                                                            }
                                                        },
                                                        "type": "object"
                                                    },
                                                    "topologyKey": {
                                                        "type": "string"
                                                    }
                                                },
                                                "type": "object"
                                            },
                                            "weight": {
                                                "type": "integer"
                                            }
                                        },
                                        "type": "object"
                                    },
                                    "type": "array"
                                }
                            },
                            "type": "object"
                        }
                    },
                    "type": "object"
                },
                "annotations": {
                    "properties": {
                        "acceldata.io/dataplane": {
                            "type": "string"
                        },
                        "acceldata.io/tenant": {
                            "type": "string"
                        }
                    },
                    "type": "object"
                },
                "appData": {
                    "properties": {
                        "accountBaseDomain": {
                            "type": "string"
                        },
                        "analyticsImageVersion": {
                            "type": "string"
                        },
                        "apiAccessKey": {
                            "type": "string"
                        },
                        "apiSecretKey": {
                            "type": "string"
                        },
                        "awsaccessKeyName": {
                            "type": "string"
                        },
                        "awss3logDirectory": {
                            "type": "string"
                        },
                        "awssecretKeyName": {
                            "type": "string"
                        },
                        "controlPlaneBaseDomain": {
                            "type": "string"
                        },
                        "dataplane": {
                            "type": "string"
                        },
                        "executionEnv": {
                            "type": "string"
                        },
                        "ingestKey": {
                            "type": "string"
                        },
                        "oidcClient": {
                            "type": "string"
                        },
                        "oidcSecret": {
                            "type": "string"
                        },
                        "tenant": {
                            "type": "string"
                        },
                        "tunnelServerBaseDomain": {
                            "type": "string"
                        }
                    },
                    "type": "object"
                },
                "labels": {
                    "properties": {
                        "dataplane": {
                            "type": "string"
                        },
                        "tenant": {
                            "type": "string"
                        }
                    },
                    "type": "object"
                },
                "tolerations": {
                    "items": {
                        "properties": {
                            "effect": {
                                "type": "string"
                            },
                            "key": {
                                "type": "string"
                            },
                            "operator": {
                                "type": "string"
                            },
                            "value": {
                                "type": "string"
                            }
                        },
                        "type": "object"
                    },
                    "type": "array"
                }
            },
            "type": "object"
        }
    },
    "type": "object"
}