{"headers":{"normalizedNames":{},"lazyUpdate":null,"lazyInit":null,"headers":{}},"status":200,"statusText":"OK","url":"https://se-demo.acceldata.app/catalog-server/api/rules/executions/2153013/download-policy-summary","ok":true,"type":4,"body":{"analysisResults":[{"analyzerName":"PatternMatch","column":"tac","inputs":{"addEmptyCheck":false,"addNullCheck":false,"pattern":"^[A-Z0-9]{7}$","type":"string"},"result":0.46522857142857144,"ruleId":"198293","ruleType":"pattern","weightage":100},{"analyzerName":"PatternMatch","column":"sum_loc_duration_more_than_30s","inputs":{"addEmptyCheck":false,"addNullCheck":false,"pattern":"^[0-9]{4}$","type":"string"},"result":0.22245042016806724,"ruleId":"198294","ruleType":"pattern","weightage":100},{"analyzerName":"PatternMatch","column":"paging_num","inputs":{"addEmptyCheck":false,"addNullCheck":false,"pattern":"^[0-9]{4}$","type":"string"},"result":0.6864084033613446,"ruleId":"198295","ruleType":"pattern","weightage":100},{"analyzerName":"617035","column":"sum_loc_duration_more_than_30s","inputs":{"addEmptyCheck":false,"addNullCheck":false,"referenceAssetColumn":"SIC_Code","referenceAssetUid":"S3_ReferenceData.SIC_CODES"},"result":0.012416806722689076,"ruleId":"198296","ruleType":"inlookup","weightage":100},{"analyzerName":"617036","column":"paging_num","inputs":{"addEmptyCheck":false,"addNullCheck":false,"referenceAssetColumn":"SIC_Code","referenceAssetUid":"S3_ReferenceData.SIC_CODES"},"result":0.054907563025210084,"ruleId":"198297","ruleType":"inlookup","weightage":100}],"analyzed":[],"assetUid":"HDFS_ODP_Demo.telco_HDFS_source_feed","failedRows":594884,"files":{"badRecords":{"fileName":"abfs://sedemo-primary@sedemo2024env.dfs.core.windows.net/execution_result/2024-11-14/data-quality-944dfba2-d7ab-405c-bf96-1c9b12b7a5da/errorrecords","isSample":true},"goodRecords":{"fileName":"","isSample":false},"summary":{"fileName":"abfs://sedemo-primary@sedemo2024env.dfs.core.windows.net/execution_result/2024-11-14/data-quality-944dfba2-d7ab-405c-bf96-1c9b12b7a5da/summary/result.json","isSample":true}},"jobId":"data-quality-944dfba2-d7ab-405c-bf96-1c9b12b7a5da","labels":[],"policyExecutionEndTime":"2024-11-14T18:21:16.643Z","policyExecutionStartTime":"2024-11-14T18:20:26.863Z","policyId":13529,"policyName":"Equity_Domain_Rule_Set_telco_HDFS_source_feed_VJjqSTvi","policyRunTimeInSeconds":49,"policyType":"DQ","policyVersion":17,"rules":[{"businessDescription":"","columnName":"tac","dimension":"VALIDITY","inputs":{"addEmptyCheck":false,"addNullCheck":false,"pattern":"^[A-Z0-9]{7}$","type":"string"},"isWarning":false,"labels":[],"ruleId":198293,"ruleName":"pattern"},{"businessDescription":"","columnName":"sum_loc_duration_more_than_30s","dimension":"VALIDITY","inputs":{"addEmptyCheck":false,"addNullCheck":false,"pattern":"^[0-9]{4}$","type":"string"},"isWarning":false,"labels":[],"ruleId":198294,"ruleName":"pattern"},{"businessDescription":"","columnName":"paging_num","dimension":"VALIDITY","inputs":{"addEmptyCheck":false,"addNullCheck":false,"pattern":"^[0-9]{4}$","type":"string"},"isWarning":false,"labels":[],"ruleId":198295,"ruleName":"pattern"},{"businessDescription":"","columnName":"sum_loc_duration_more_than_30s","dimension":"ACCURACY","inputs":{"addEmptyCheck":false,"addNullCheck":false,"referenceAssetColumn":"SIC_Code","referenceAssetUid":"S3_ReferenceData.SIC_CODES"},"isWarning":false,"labels":[],"ruleId":198296,"ruleName":"inlookup"},{"businessDescription":"","columnName":"paging_num","dimension":"ACCURACY","inputs":{"addEmptyCheck":false,"addNullCheck":false,"referenceAssetColumn":"SIC_Code","referenceAssetUid":"S3_ReferenceData.SIC_CODES"},"isWarning":false,"labels":[],"ruleId":198297,"ruleName":"inlookup"}],"successRows":116,"successThreshold":100,"totalRows":595000,"warningRows":0,"warningThreshold":""}}