{
    "$schema": "https://json-schema.org/draft/2020-12/schema",
    "properties": {
        "Deployment": {
            "description": "This is the Secret for the \u003c\u003e",
            "properties": {
                "activeDeadlineSeconds": {
                    "description": "Active deadline in seconds for the deployment",
                    "type": "integer"
                },
                "affinity": {
                    "description": "Affinity settings for the deployment",
                    "properties": {
                        "nodeAffinity": {
                            "properties": {
                                "requiredDuringSchedulingIgnoredDuringExecution": {
                                    "properties": {
                                        "nodeSelectorTerms": {
                                            "items": {
                                                "properties": {
                                                    "matchExpressions": {
                                                        "items": {
                                                            "properties": {
                                                                "key": {
                                                                    "type": "string"
                                                                },
                                                                "operator": {
                                                                    "type": "string"
                                                                },
                                                                "values": {
                                                                    "items": {
                                                                        "type": "string"
                                                                    },
                                                                    "type": "array"
                                                                }
                                                            },
                                                            "type": "object"
                                                        },
                                                        "type": "array"
                                                    }
                                                },
                                                "type": "object"
                                            },
                                            "type": "array"
                                        }
                                    },
                                    "type": "object"
                                }
                            },
                            "type": "object"
                        },
                        "podAffinity": {
                            "properties": {
                                "requiredDuringSchedulingIgnoredDuringExecution": {
                                    "items": {
                                        "properties": {
                                            "labelSelector": {
                                                "properties": {
                                                    "matchExpressions": {
                                                        "items": {
                                                            "properties": {
                                                                "key": {
                                                                    "type": "string"
                                                                },
                                                                "operator": {
                                                                    "type": "string"
                                                                },
                                                                "values": {
                                                                    "items": {
                                                                        "type": "string"
                                                                    },
                                                                    "type": "array"
                                                                }
                                                            },
                                                            "type": "object"
                                                        },
                                                        "type": "array"
                                                    }
                                                },
                                                "type": "object"
                                            },
                                            "topologyKey": {
                                                "type": "string"
                                            }
                                        },
                                        "type": "object"
                                    },
                                    "type": "array"
                                }
                            },
                            "type": "object"
                        },
                        "podAntiAffinity": {
                            "properties": {
                                "preferredDuringSchedulingIgnoredDuringExecution": {
                                    "items": {
                                        "properties": {
                                            "podAffinityTerm": {
                                                "properties": {
                                                    "labelSelector": {
                                                        "properties": {
                                                            "matchExpressions": {
                                                                "items": {
                                                                    "properties": {
                                                                        "key": {
                                                                            "type": "string"
                                                                        },
                                                                        "operator": {
                                                                            "type": "string"
                                                                        },
                                                                        "values": {
                                                                            "items": {
                                                                                "type": "string"
                                                                            },
                                                                            "type": "array"
                                                                        }
                                                                    },
                                                                    "type": "object"
                                                                },
                                                                "type": "array"
                                                            }
                                                        },
                                                        "type": "object"
                                                    },
                                                    "topologyKey": {
                                                        "type": "string"
                                                    }
                                                },
                                                "type": "object"
                                            },
                                            "weight": {
                                                "type": "integer"
                                            }
                                        },
                                        "type": "object"
                                    },
                                    "type": "array"
                                }
                            },
                            "type": "object"
                        }
                    },
                    "type": "object"
                },
                "automountServiceAccountToken": {
                    "description": "Whether to automatically mount the service account token",
                    "type": "boolean"
                },
                "containers": {
                    "description": "Containers for the deployment",
                    "properties": {
                        "kubernetes-dashboard": {
                            "description": "The container name",
                            "properties": {
                                "env": {
                                    "description": "Environment variables for the container",
                                    "properties": {
                                        "HIDE_NAMESPACES_MENU": {
                                            "type": "string"
                                        },
                                        "OIDC_CLIENT_ID": {
                                            "type": "string"
                                        },
                                        "OIDC_URL": {
                                            "type": "string"
                                        }
                                    },
                                    "type": "object"
                                },
                                "image": {
                                    "description": "Image information for the container",
                                    "properties": {
                                        "registry": {
                                            "description": "Registry for the image",
                                            "type": "string"
                                        },
                                        "repository": {
                                            "description": "Repository for the image",
                                            "type": "string"
                                        },
                                        "tag": {
                                            "description": "Tag for the image",
                                            "type": "string"
                                        }
                                    },
                                    "required": [
                                        "tag",
                                        "registry",
                                        "repository"
                                    ],
                                    "type": "object"
                                },
                                "imagePullPolicy": {
                                    "description": "Image pull policy for the container",
                                    "type": "string"
                                },
                                "livenessProbe": {
                                    "description": "Liveness probe for the container",
                                    "properties": {
                                        "failureThreshold": {
                                            "type": "integer"
                                        },
                                        "httpGet": {
                                            "properties": {
                                                "path": {
                                                    "type": "string"
                                                },
                                                "port": {
                                                    "type": "string"
                                                },
                                                "scheme": {
                                                    "type": "string"
                                                }
                                            },
                                            "type": "object"
                                        },
                                        "initialDelaySeconds": {
                                            "type": "integer"
                                        },
                                        "periodSeconds": {
                                            "type": "integer"
                                        },
                                        "successThreshold": {
                                            "type": "integer"
                                        },
                                        "timeoutSeconds": {
                                            "type": "integer"
                                        }
                                    },
                                    "type": "object"
                                },
                                "ports": {
                                    "description": "Ports for the container",
                                    "items": {
                                        "properties": {
                                            "containerPort": {
                                                "description": "Container port",
                                                "type": "integer"
                                            },
                                            "name": {
                                                "description": "Name of the container port",
                                                "type": "string"
                                            },
                                            "protocol": {
                                                "description": "Protocol for the port",
                                                "type": "string"
                                            }
                                        },
                                        "type": "object"
                                    },
                                    "type": "array"
                                },
                                "rawEnv": {
                                    "items": {
                                        "properties": {
                                            "name": {
                                                "type": "string"
                                            },
                                            "valueFrom": {
                                                "properties": {
                                                    "fieldRef": {
                                                        "properties": {
                                                            "fieldPath": {
                                                                "type": "string"
                                                            }
                                                        },
                                                        "type": "object"
                                                    }
                                                },
                                                "type": "object"
                                            }
                                        },
                                        "type": "object"
                                    },
                                    "type": "array"
                                },
                                "readinessProbe": {
                                    "description": "Readiness probe for the container",
                                    "properties": {
                                        "failureThreshold": {
                                            "type": "integer"
                                        },
                                        "httpGet": {
                                            "properties": {
                                                "path": {
                                                    "type": "string"
                                                },
                                                "port": {
                                                    "type": "string"
                                                },
                                                "scheme": {
                                                    "type": "string"
                                                }
                                            },
                                            "type": "object"
                                        },
                                        "initialDelaySeconds": {
                                            "type": "integer"
                                        },
                                        "periodSeconds": {
                                            "type": "integer"
                                        },
                                        "successThreshold": {
                                            "type": "integer"
                                        },
                                        "timeoutSeconds": {
                                            "type": "integer"
                                        }
                                    },
                                    "type": "object"
                                },
                                "resources": {
                                    "description": "Resource limits and requests for the container",
                                    "properties": {
                                        "limits": {
                                            "properties": {
                                                "cpu": {
                                                    "type": "string"
                                                },
                                                "memory": {
                                                    "type": "string"
                                                }
                                            },
                                            "type": "object"
                                        },
                                        "requests": {
                                            "properties": {
                                                "cpu": {
                                                    "type": "string"
                                                },
                                                "memory": {
                                                    "type": "string"
                                                }
                                            },
                                            "type": "object"
                                        }
                                    },
                                    "type": "object"
                                },
                                "volumeMounts": {
                                    "description": "Volume mounts for the container",
                                    "type": "array"
                                }
                            },
                            "required": [
                                "image",
                                "livenessProbe",
                                "readinessProbe",
                                "resources"
                            ],
                            "type": "object"
                        }
                    },
                    "required": [
                        "kubernetes-dashboard"
                    ],
                    "type": "object"
                },
                "dnsConfig": {
                    "description": "DNS configuration for the deployment",
                    "properties": {
                        "nameservers": {
                            "items": {
                                "description": "Nameservers for DNS resolution",
                                "type": "string"
                            },
                            "type": "array"
                        },
                        "options": {
                            "description": "DNS options",
                            "items": {
                                "properties": {
                                    "name": {
                                        "type": "string"
                                    },
                                    "value": {
                                        "type": "string"
                                    }
                                },
                                "type": "object"
                            },
                            "type": "array"
                        },
                        "searches": {
                            "description": "DNS search domains",
                            "items": {
                                "type": "string"
                            },
                            "type": "array"
                        }
                    },
                    "type": "object"
                },
                "dnsPolicy": {
                    "description": "The DNS policy for the deployment",
                    "type": "string"
                },
                "enableServiceLinks": {
                    "description": "Whether to enable service links",
                    "type": "boolean"
                },
                "ephemeralContainers": {
                    "description": "Ephemeral containers for the deployment",
                    "type": "array"
                },
                "hostAliases": {
                    "description": "Host aliases for the deployment",
                    "items": {
                        "properties": {
                            "hostnames": {
                                "items": {
                                    "type": "string"
                                },
                                "type": "array"
                            },
                            "ip": {
                                "type": "string"
                            }
                        },
                        "type": "object"
                    },
                    "type": "array"
                },
                "hostIPC": {
                    "description": "Whether to use host IPC",
                    "type": "boolean"
                },
                "hostNetwork": {
                    "description": "Whether to use host networking",
                    "type": "boolean"
                },
                "hostUsers": {
                    "description": "Whether to use host users",
                    "type": "boolean"
                },
                "hostname": {
                    "description": "Hostname for the deployment",
                    "type": "string"
                },
                "imagePullSecrets": {
                    "description": "Image pull secrets for the deployment",
                    "items": {
                        "properties": {
                            "name": {
                                "description": "Name of the image pull secret",
                                "type": "string"
                            }
                        },
                        "type": "object"
                    },
                    "type": "array"
                },
                "initContainers": {
                    "description": "Init containers for the deployment",
                    "type": "array"
                },
                "name": {
                    "description": "The name of the deployment",
                    "type": "string"
                },
                "nodeName": {
                    "description": "Node name for the deployment",
                    "type": "string"
                },
                "nodeSelector": {
                    "description": "Node selector for the deployment",
                    "properties": {
                        "region": {
                            "type": "string"
                        }
                    },
                    "type": "object"
                },
                "os": {
                    "description": "Operating system for the deployment",
                    "properties": {
                        "name": {
                            "type": "string"
                        }
                    },
                    "type": "object"
                },
                "overhead": {
                    "description": "Resource overhead for the deployment",
                    "properties": {
                        "cpu": {
                            "type": "string"
                        },
                        "memory": {
                            "type": "string"
                        }
                    },
                    "type": "object"
                },
                "preemptionPolicy": {
                    "description": "Preemption policy for the deployment",
                    "type": "string"
                },
                "priority": {
                    "description": "Priority for the deployment",
                    "type": "integer"
                },
                "priorityClassName": {
                    "description": "Priority class name for the deployment",
                    "type": "string"
                },
                "readinessGates": {
                    "description": "Readiness gates for the deployment",
                    "items": {
                        "properties": {
                            "conditionType": {
                                "type": "string"
                            }
                        },
                        "type": "object"
                    },
                    "type": "array"
                },
                "replicas": {
                    "description": "The number of replicas for the deployment",
                    "type": "integer"
                },
                "restartPolicy": {
                    "description": "Restart policy for the deployment",
                    "type": "string"
                },
                "schedulerName": {
                    "description": "Scheduler name for the deployment",
                    "type": "string"
                },
                "securityContext": {
                    "description": "Security context for the deployment",
                    "properties": {
                        "fsGroup": {
                            "description": "Group ID for the container's filesystem",
                            "type": "integer"
                        },
                        "fsGroupChangePolicy": {
                            "description": "Policy for changing the fsGroup",
                            "type": "string"
                        },
                        "runAsGroup": {
                            "description": "Group ID to run the container as",
                            "type": "integer"
                        },
                        "runAsNonRoot": {
                            "description": "Whether to run the container as a non-root user",
                            "type": "boolean"
                        },
                        "runAsUser": {
                            "description": "User ID to run the container as",
                            "type": "integer"
                        }
                    },
                    "type": "object"
                },
                "serviceAccount": {
                    "description": "Service account for the deployment",
                    "type": "string"
                },
                "serviceAccountName": {
                    "description": "Service account name for the deployment",
                    "type": "string"
                },
                "setHostnameAsFQDN": {
                    "description": "Whether to set the hostname as the FQDN",
                    "type": "boolean"
                },
                "shareProcessNamespace": {
                    "description": "Whether to share the process namespace",
                    "type": "boolean"
                },
                "strategy": {
                    "description": "Strategy for updating the deployment",
                    "properties": {
                        "rollingUpdate": {
                            "properties": {
                                "maxSurge": {
                                    "type": "string"
                                },
                                "maxUnavailable": {
                                    "type": "string"
                                }
                            },
                            "type": "object"
                        },
                        "type": {
                            "description": "Type of update strategy",
                            "type": "string"
                        }
                    },
                    "type": "object"
                },
                "subdomain": {
                    "description": "Subdomain for the deployment",
                    "type": "string"
                },
                "terminationGracePeriodSeconds": {
                    "description": "Termination grace period in seconds for the deployment",
                    "type": "integer"
                },
                "tolerations": {
                    "description": "Tolerations for the deployment",
                    "type": "array"
                },
                "topologySpreadConstraints": {
                    "description": "Topology spread constraints for the deployment",
                    "items": {
                        "properties": {
                            "labelSelector": {
                                "properties": {
                                    "matchLabels": {
                                        "properties": {
                                            "app": {
                                                "type": "string"
                                            }
                                        },
                                        "type": "object"
                                    }
                                },
                                "type": "object"
                            },
                            "matchLabelKeys": {
                                "items": {
                                    "type": "string"
                                },
                                "type": "array"
                            },
                            "maxSkew": {
                                "type": "integer"
                            },
                            "topologyKey": {
                                "type": "string"
                            },
                            "whenUnsatisfiable": {
                                "type": "string"
                            }
                        },
                        "type": "object"
                    },
                    "type": "array"
                },
                "volumes": {
                    "description": "Volumes for the deployment",
                    "type": "array"
                }
            },
            "required": [
                "containers"
            ],
            "type": "object"
        },
        "HorizontalPodAutoscaler": {
            "properties": {
                "behavior": {
                    "description": "Behavior of the autoscaler when scaling the target",
                    "properties": {},
                    "type": "object"
                },
                "maxReplicas": {
                    "description": "The maximum number of replicas for the autoscaler to scale up to",
                    "type": "integer"
                },
                "metrics": {
                    "description": "List of metrics used by the autoscaler to scale the target",
                    "type": "array"
                },
                "minReplicas": {
                    "description": "The minimum number of replicas for the autoscaler to scale down to",
                    "type": "integer"
                },
                "name": {
                    "description": "The name of the target resource",
                    "type": "string"
                },
                "namespace": {
                    "description": "The namespace of the target resource",
                    "type": "string"
                },
                "scaleTargetRef": {
                    "description": "Reference to the resource that the autoscaler should scale",
                    "properties": {},
                    "type": "object"
                }
            },
            "required": [
                "maxReplicas"
            ],
            "type": "object"
        },
        "Rbac": {
            "properties": {
                "rbac1": {
                    "properties": {
                        "clusterWideAccess": {
                            "description": "Whether the role has cluster-wide access",
                            "type": "boolean"
                        },
                        "name": {
                            "type": "string"
                        },
                        "rules": {
                            "description": "Rules defining access permissions",
                            "items": {
                                "properties": {
                                    "aggregationRules": {
                                        "description": "Rules for aggregating cluster roles",
                                        "properties": {
                                            "clusterRoleSelectors": {
                                                "items": {
                                                    "properties": {
                                                        "matchLabels": {
                                                            "type": "null"
                                                        },
                                                        "rbac.example.com/aggregate-to-monitoring": {
                                                            "description": "Label selector for aggregating cluster roles",
                                                            "type": "string"
                                                        }
                                                    },
                                                    "type": "object"
                                                },
                                                "type": "array"
                                            }
                                        },
                                        "type": "object"
                                    },
                                    "apiGroups": {
                                        "description": "API groups the rule applies to",
                                        "items": {
                                            "type": "string"
                                        },
                                        "type": "array"
                                    },
                                    "resources": {
                                        "description": "Resources the rule applies to",
                                        "items": {
                                            "type": "string"
                                        },
                                        "type": "array"
                                    },
                                    "verbs": {
                                        "description": "Verbs allowed for the resources",
                                        "items": {
                                            "type": "string"
                                        },
                                        "type": "array"
                                    }
                                },
                                "required": [
                                    "apiGroups",
                                    "resources",
                                    "verbs"
                                ],
                                "type": "object"
                            },
                            "type": "array"
                        }
                    },
                    "required": [
                        "clusterWideAccess",
                        "rules"
                    ],
                    "type": "object"
                }
            },
            "type": "object"
        },
        "RbacBinding": {
            "properties": {
                "rbacbind1": {
                    "properties": {
                        "clusterWideAccess": {
                            "description": "Whether the access is cluster-wide or namespace-specific",
                            "type": "boolean"
                        },
                        "name": {
                            "description": "The name of the RBAC binding",
                            "type": "string"
                        },
                        "roleRef": {
                            "description": "The role reference",
                            "properties": {
                                "name": {
                                    "description": "The name of the role to bind",
                                    "type": "string"
                                }
                            },
                            "type": "object"
                        },
                        "subjects": {
                            "description": "The subjects (users, groups, or service accounts) to bind the role to",
                            "items": {
                                "properties": {
                                    "name": {
                                        "description": "The name of the subject",
                                        "type": "string"
                                    }
                                },
                                "type": "object"
                            },
                            "type": "array"
                        }
                    },
                    "required": [
                        "clusterWideAccess",
                        "subjects",
                        "roleRef"
                    ],
                    "type": "object"
                }
            },
            "type": "object"
        },
        "Secret": {
            "properties": {
                "secret1": {
                    "properties": {
                        "data": {
                            "properties": {
                                "OIDC_SECRET": {
                                    "description": "OIDC secret data",
                                    "properties": {
                                        "data": {
                                            "description": "Data for OIDC secret",
                                            "type": "string"
                                        }
                                    },
                                    "type": "object"
                                }
                            },
                            "type": "object"
                        },
                        "mounttype": {
                            "description": "Mount type configuration",
                            "properties": {
                                "container": {
                                    "description": "Container for mounting",
                                    "type": "string"
                                },
                                "dest": {
                                    "description": "Destination for mounting",
                                    "enum": [
                                        "env",
                                        "volume"
                                    ],
                                    "type": "string"
                                }
                            },
                            "required": [
                                "dest",
                                "container"
                            ],
                            "type": "object"
                        },
                        "name": {
                            "description": "The name of the secret",
                            "type": "string"
                        }
                    },
                    "required": [
                        "mounttype",
                        "data"
                    ],
                    "type": "object"
                }
            },
            "type": "object"
        },
        "Service": {
            "description": "This is the service for the \u003c\u003e",
            "properties": {
                "service1": {
                    "properties": {
                        "allocateLoadBalancerNodePorts": {
                            "description": "Whether to allocate node ports on load balancer",
                            "type": "boolean"
                        },
                        "clusterIP": {
                            "description": "Cluster IP address",
                            "type": "string"
                        },
                        "clusterIPs": {
                            "description": "List of cluster IP addresses",
                            "items": {
                                "type": "string"
                            },
                            "type": "array"
                        },
                        "externalIPs": {
                            "description": "List of external IP addresses",
                            "items": {
                                "type": "string"
                            },
                            "type": "array"
                        },
                        "externalName": {
                            "description": "External name for the service",
                            "type": "string"
                        },
                        "externalTrafficPolicy": {
                            "description": "External traffic policy (Cluster, Local)",
                            "type": "string"
                        },
                        "healthCheckNodePort": {
                            "description": "Node port for health checks",
                            "type": "integer"
                        },
                        "internalTrafficPolicy": {
                            "description": "Internal traffic policy (Cluster, Local)",
                            "type": "string"
                        },
                        "ipFamilies": {
                            "description": "List of IP families (IPv4, IPv6)",
                            "items": {
                                "type": "string"
                            },
                            "type": "array"
                        },
                        "ipFamilyPolicy": {
                            "description": "IP family policy (RequireDualStack, RequireIPv4, RequireIPv6)",
                            "type": "string"
                        },
                        "loadBalancerClass": {
                            "description": "Load balancer class for the service",
                            "type": "string"
                        },
                        "loadBalancerIP": {
                            "description": "Load balancer IP address",
                            "type": "string"
                        },
                        "loadBalancerSourceRanges": {
                            "description": "List of load balancer source IP ranges",
                            "items": {
                                "type": "string"
                            },
                            "type": "array"
                        },
                        "name": {
                            "description": "Name of the service",
                            "type": "string"
                        },
                        "nodePort": {
                            "description": "Node port",
                            "type": "integer"
                        },
                        "ports": {
                            "description": "List of ports for the service",
                            "items": {
                                "properties": {
                                    "name": {
                                        "description": "The name of the port",
                                        "type": "string"
                                    },
                                    "port": {
                                        "description": "The port number the service will listen on",
                                        "type": "integer"
                                    },
                                    "protocol": {
                                        "description": "The protocol used for the port (TCP, UDP, SCTP)",
                                        "type": "string"
                                    },
                                    "targetPort": {
                                        "description": "The port on the pod the service will forward traffic to",
                                        "type": "integer"
                                    }
                                },
                                "type": "object"
                            },
                            "type": "array"
                        },
                        "publishNotReadyAddresses": {
                            "description": "Whether to publish not-ready addresses for this service",
                            "type": "boolean"
                        },
                        "selector": {
                            "description": "The selector for the service",
                            "properties": {
                                "hello": {
                                    "type": "string"
                                }
                            },
                            "type": "object"
                        },
                        "sessionAffinity": {
                            "description": "Session affinity type for the service",
                            "type": "string"
                        },
                        "sessionAffinityConfig": {
                            "description": "Session affinity config for client IP",
                            "properties": {
                                "clientIP": {
                                    "properties": {
                                        "timeoutSeconds": {
                                            "type": "integer"
                                        }
                                    },
                                    "type": "object"
                                }
                            },
                            "type": "object"
                        },
                        "trafficDistribution": {
                            "description": "Traffic distribution (Cluster, Local)",
                            "type": "string"
                        },
                        "type": {
                            "description": "The type of service (ClusterIP, NodePort, LoadBalancer, ExternalName)",
                            "type": "string"
                        }
                    },
                    "required": [
                        "ports"
                    ],
                    "type": "object"
                }
            },
            "type": "object"
        },
        "ServiceAccount": {
            "properties": {
                "automountServiceAccountToken": {
                    "description": "Whether to automatically mount the service account token",
                    "type": "boolean"
                },
                "imagePullSecrets": {
                    "description": "Image pull secrets for the service account",
                    "type": "array"
                },
                "name": {
                    "description": "The name of the service account",
                    "type": "string"
                },
                "secrets": {
                    "description": "Secrets for the service account",
                    "type": "array"
                }
            },
            "type": "object"
        },
        "global": {
            "properties": {
                "affinity": {
                    "properties": {
                        "podAffinity": {
                            "properties": {
                                "requiredDuringSchedulingIgnoredDuringExecution": {
                                    "items": {
                                        "properties": {
                                            "labelSelector": {
                                                "properties": {
                                                    "matchExpressions": {
                                                        "items": {
                                                            "properties": {
                                                                "key": {
                                                                    "type": "string"
                                                                },
                                                                "operator": {
                                                                    "type": "string"
                                                                },
                                                                "values": {
                                                                    "items": {
                                                                        "type": "string"
                                                                    },
                                                                    "type": "array"
                                                                }
                                                            },
                                                            "type": "object"
                                                        },
                                                        "type": "array"
                                                    }
                                                },
                                                "type": "object"
                                            },
                                            "topologyKey": {
                                                "type": "string"
                                            }
                                        },
                                        "type": "object"
                                    },
                                    "type": "array"
                                }
                            },
                            "type": "object"
                        },
                        "podAntiAffinity": {
                            "properties": {
                                "preferredDuringSchedulingIgnoredDuringExecution": {
                                    "items": {
                                        "properties": {
                                            "podAffinityTerm": {
                                                "properties": {
                                                    "labelSelector": {
                                                        "properties": {
                                                            "matchExpressions": {
                                                                "items": {
                                                                    "properties": {
                                                                        "key": {
                                                                            "type": "string"
                                                                        },
                                                                        "operator": {
                                                                            "type": "string"
                                                                        },
                                                                        "values": {
                                                                            "items": {
                                                                                "type": "string"
                                                                            },
                                                                            "type": "array"
                                                                        }
                                                                    },
                                                                    "type": "object"
                                                                },
                                                                "type": "array"
                                                            }
                                                        },
                                                        "type": "object"
                                                    },
                                                    "topologyKey": {
                                                        "type": "string"
                                                    }
                                                },
                                                "type": "object"
                                            },
                                            "weight": {
                                                "type": "integer"
                                            }
                                        },
                                        "type": "object"
                                    },
                                    "type": "array"
                                }
                            },
                            "type": "object"
                        }
                    },
                    "type": "object"
                },
                "annotations": {
                    "properties": {
                        "acceldata.io/dataplane": {
                            "type": "string"
                        },
                        "acceldata.io/tenant": {
                            "type": "string"
                        }
                    },
                    "type": "object"
                },
                "appData": {
                    "properties": {
                        "accountBaseDomain": {
                            "type": "string"
                        },
                        "analyticsImageVersion": {
                            "type": "string"
                        },
                        "apiAccessKey": {
                            "type": "string"
                        },
                        "apiSecretKey": {
                            "type": "string"
                        },
                        "controlPlaneBaseDomain": {
                            "type": "string"
                        },
                        "dataplane": {
                            "type": "string"
                        },
                        "executionEnv": {
                            "type": "string"
                        },
                        "ingestKey": {
                            "type": "string"
                        },
                        "oidcClient": {
                            "type": "string"
                        },
                        "oidcSecret": {
                            "type": "string"
                        },
                        "tenant": {
                            "type": "string"
                        },
                        "tunnelServerBaseDomain": {
                            "type": "string"
                        }
                    },
                    "type": "object"
                },
                "labels": {
                    "properties": {
                        "dataplane": {
                            "type": "string"
                        },
                        "tenant": {
                            "type": "string"
                        }
                    },
                    "type": "object"
                },
                "tolerations": {
                    "items": {
                        "properties": {
                            "effect": {
                                "type": "string"
                            },
                            "key": {
                                "type": "string"
                            },
                            "operator": {
                                "type": "string"
                            },
                            "value": {
                                "type": "string"
                            }
                        },
                        "type": "object"
                    },
                    "type": "array"
                }
            },
            "type": "object"
        }
    },
    "type": "object"
}