{
    "MEASURE_RESULT_FS_TYPE": "local",
    "MEASURE_RESULT_FS_HDFS_DIRECTORY": "/tmp/ad/torch_results",
    "MEASURE_RESULT_FS_S3A_BUCKET": "",
    "MEASURE_RESULT_FS_S3A_ACCESS_KEY": "",
    "MEASURE_RESULT_FS_S3A_SECRET_KEY": "",
    "MEASURE_RESULT_FS_S3A_REGION": "",
    "MEASURE_RESULT_FS_S3A_MODE": "KEY_BASED",
    "MEASURE_RESULT_FS_S3A_ACCESS_INSTANCE_PROFILE_ARN": "",
    "MEASURE_RESULT_FS_GCS_BUCKET": "",
    "MEASURE_RESULT_FS_GCS_KEY_FILE": "/opt/acceldata/gcp_cred.json",
    "MEASURE_RESULT_FS_GCS_PROJECT_ID": "",
    "MEASURE_RESULT_FS_GCS_CLIENT_EMAIL": "",
    "MEASURE_RESULT_FS_GCS_PRIVATE_KEY": "",
    "MEASURE_RESULT_FS_GCS_PRIVATE_KEY_ID": "",
    "MEASURE_RESULT_FS_ADLS_GENERATION": "GEN_2",
    "MEASURE_RESULT_FS_ADLS_STORAGE_ACCOUNT_NAME": "",
    "MEASURE_RESULT_FS_ADLS_STORAGE_CONTAINER_NAME": "",
    "MEASURE_RESULT_FS_ADLS_STORAGE_ACCESS_KEY": "",
    "MEASURE_RESULT_FS_ADLS_STORAGE_CLIENT_ID": "",
    "MEASURE_RESULT_FS_ADLS_STORAGE_CLIENT_SECRET": "",
    "MEASURE_RESULT_FS_ADLS_STORAGE_TENANT_ID": "",
    "MEASURE_RESULT_FS_GCS_MODE": "SERVICE_ACCOUNT_KEY_FILE_BASED"
  }