{
    "$schema": "https://json-schema.org/draft/2020-12/schema",
    "properties": {
        "Deployment": {
            "properties": {
                "containers": {
                    "description": "Containers for the deployment",
                    "properties": {
                        "sparkoperator": {
                            "description": "The container name",
                            "properties": {
                                "image": {
                                    "properties": {
                                        "imagePullPolicy": {
                                            "description": "Image pull policy for the container",
                                            "type": "string"
                                        },
                                        "registry": {
                                            "description": "Registry for the image",
                                            "type": "string"
                                        },
                                        "repository": {
                                            "description": "Repository for the image",
                                            "type": "string"
                                        },
                                        "tag": {
                                            "description": "Tag for the image",
                                            "type": "string"
                                        }
                                    },
                                    "required": [
                                        "registry",
                                        "repository",
                                        "tag"
                                    ],
                                    "type": "object"
                                },
                                "resources": {
                                    "description": "Resource limits and requests for the container",
                                    "properties": {
                                        "limits": {
                                            "properties": {
                                                "cpu": {
                                                    "type": "string"
                                                },
                                                "memory": {
                                                    "type": "string"
                                                }
                                            },
                                            "type": "object"
                                        },
                                        "requests": {
                                            "properties": {
                                                "cpu": {
                                                    "type": "string"
                                                },
                                                "memory": {
                                                    "type": "string"
                                                }
                                            },
                                            "type": "object"
                                        }
                                    },
                                    "type": "object"
                                },
                                "volumeMounts": {
                                    "description": "Volume mounts for the container",
                                    "type": "array"
                                }
                            },
                            "required": [
                                "resources"
                            ],
                            "type": "object"
                        }
                    },
                    "required": [
                        "sparkoperator"
                    ],
                    "type": "object"
                },
                "imagePullSecrets": {
                    "description": "Image pull secrets for the service account",
                    "items": {
                        "properties": {
                            "name": {
                                "type": "string"
                            }
                        },
                        "type": "object"
                    },
                    "type": "array"
                },
                "volumes": {
                    "description": "Volumes for the deployment",
                    "type": "array"
                }
            },
            "required": [
                "containers"
            ],
            "type": "object"
        },
        "affinity": {
            "properties": {},
            "type": "object"
        },
        "batchScheduler": {
            "properties": {
                "enable": {
                    "type": "boolean"
                }
            },
            "type": "object"
        },
        "clusterRole": {
            "description": "This is the  cluster role",
            "properties": {
                "name": {
                    "type": "string"
                }
            },
            "type": "object"
        },
        "clusterRoleBinding": {
            "description": "This is the  cluster role binding",
            "properties": {
                "name": {
                    "type": "string"
                }
            },
            "type": "object"
        },
        "controllerThreads": {
            "type": "integer"
        },
        "fullnameOverride": {
            "type": "string"
        },
        "global": {
            "properties": {
                "affinity": {
                    "properties": {
                        "podAffinity": {
                            "properties": {
                                "requiredDuringSchedulingIgnoredDuringExecution": {
                                    "items": {
                                        "properties": {
                                            "labelSelector": {
                                                "properties": {
                                                    "matchExpressions": {
                                                        "items": {
                                                            "properties": {
                                                                "key": {
                                                                    "type": "string"
                                                                },
                                                                "operator": {
                                                                    "type": "string"
                                                                },
                                                                "values": {
                                                                    "items": {
                                                                        "type": "string"
                                                                    },
                                                                    "type": "array"
                                                                }
                                                            },
                                                            "type": "object"
                                                        },
                                                        "type": "array"
                                                    }
                                                },
                                                "type": "object"
                                            },
                                            "topologyKey": {
                                                "type": "string"
                                            }
                                        },
                                        "type": "object"
                                    },
                                    "type": "array"
                                }
                            },
                            "type": "object"
                        },
                        "podAntiAffinity": {
                            "properties": {
                                "preferredDuringSchedulingIgnoredDuringExecution": {
                                    "items": {
                                        "properties": {
                                            "podAffinityTerm": {
                                                "properties": {
                                                    "labelSelector": {
                                                        "properties": {
                                                            "matchExpressions": {
                                                                "items": {
                                                                    "properties": {
                                                                        "key": {
                                                                            "type": "string"
                                                                        },
                                                                        "operator": {
                                                                            "type": "string"
                                                                        },
                                                                        "values": {
                                                                            "items": {
                                                                                "type": "string"
                                                                            },
                                                                            "type": "array"
                                                                        }
                                                                    },
                                                                    "type": "object"
                                                                },
                                                                "type": "array"
                                                            }
                                                        },
                                                        "type": "object"
                                                    },
                                                    "topologyKey": {
                                                        "type": "string"
                                                    }
                                                },
                                                "type": "object"
                                            },
                                            "weight": {
                                                "type": "integer"
                                            }
                                        },
                                        "type": "object"
                                    },
                                    "type": "array"
                                }
                            },
                            "type": "object"
                        }
                    },
                    "type": "object"
                },
                "annotations": {
                    "properties": {
                        "acceldata.io/dataplane": {
                            "type": "string"
                        },
                        "acceldata.io/tenant": {
                            "type": "string"
                        }
                    },
                    "type": "object"
                },
                "appData": {
                    "properties": {
                        "accountBaseDomain": {
                            "type": "string"
                        },
                        "analyticsImageVersion": {
                            "type": "string"
                        },
                        "apiAccessKey": {
                            "type": "string"
                        },
                        "apiSecretKey": {
                            "type": "string"
                        },
                        "controlPlaneBaseDomain": {
                            "type": "string"
                        },
                        "dataplane": {
                            "type": "string"
                        },
                        "executionEnv": {
                            "type": "string"
                        },
                        "ingestKey": {
                            "type": "string"
                        },
                        "oidcClient": {
                            "type": "string"
                        },
                        "oidcSecret": {
                            "type": "string"
                        },
                        "tenant": {
                            "type": "string"
                        },
                        "tunnelServerBaseDomain": {
                            "type": "string"
                        }
                    },
                    "type": "object"
                },
                "labels": {
                    "properties": {
                        "dataplane": {
                            "type": "string"
                        },
                        "tenant": {
                            "type": "string"
                        }
                    },
                    "type": "object"
                },
                "tolerations": {
                    "items": {
                        "properties": {
                            "effect": {
                                "type": "string"
                            },
                            "key": {
                                "type": "string"
                            },
                            "operator": {
                                "type": "string"
                            },
                            "value": {
                                "type": "string"
                            }
                        },
                        "type": "object"
                    },
                    "type": "array"
                }
            },
            "type": "object"
        },
        "image": {
            "properties": {
                "pullPolicy": {
                    "type": "string"
                },
                "registry": {
                    "type": "string"
                },
                "repository": {
                    "type": "string"
                },
                "tag": {
                    "type": "string"
                }
            },
            "type": "object"
        },
        "imagePullSecrets": {
            "description": "Image pull secrets for the deployment",
            "items": {
                "properties": {
                    "name": {
                        "type": "string"
                    }
                },
                "type": "object"
            },
            "type": "array"
        },
        "ingressUrlFormat": {
            "type": "string"
        },
        "istio": {
            "properties": {
                "enabled": {
                    "type": "boolean"
                }
            },
            "type": "object"
        },
        "labelSelectorFilter": {
            "type": "string"
        },
        "leaderElection": {
            "properties": {
                "lockName": {
                    "type": "string"
                },
                "lockNamespace": {
                    "type": "string"
                }
            },
            "type": "object"
        },
        "logLevel": {
            "type": "integer"
        },
        "metrics": {
            "properties": {
                "enable": {
                    "type": "boolean"
                },
                "endpoint": {
                    "type": "string"
                },
                "port": {
                    "type": "integer"
                },
                "portName": {
                    "type": "string"
                },
                "prefix": {
                    "type": "string"
                }
            },
            "type": "object"
        },
        "nameOverride": {
            "type": "string"
        },
        "nodeSelector": {
            "properties": {},
            "type": "object"
        },
        "podAnnotations": {
            "properties": {},
            "type": "object"
        },
        "podLabels": {
            "properties": {},
            "type": "object"
        },
        "podMonitor": {
            "properties": {
                "enable": {
                    "type": "boolean"
                },
                "jobLabel": {
                    "type": "string"
                },
                "labels": {
                    "properties": {},
                    "type": "object"
                },
                "podMetricsEndpoint": {
                    "properties": {
                        "interval": {
                            "type": "string"
                        },
                        "scheme": {
                            "type": "string"
                        }
                    },
                    "type": "object"
                }
            },
            "type": "object"
        },
        "podSecurityContext": {
            "description": "Pod Security context for the deployment",
            "properties": {
                "runAsNonRoot": {
                    "type": "boolean"
                },
                "runAsUser": {
                    "type": "integer"
                }
            },
            "type": "object"
        },
        "rbac": {
            "description": "This is the rbac for the operator",
            "properties": {
                "create": {
                    "type": "boolean"
                },
                "createClusterRole": {
                    "type": "boolean"
                },
                "createRole": {
                    "type": "boolean"
                }
            },
            "type": "object"
        },
        "replicaCount": {
            "description": "The number of replicas for the deployment",
            "type": "integer"
        },
        "resourceQuotaEnforcement": {
            "properties": {
                "enable": {
                    "type": "boolean"
                }
            },
            "type": "object"
        },
        "resources": {
            "description": "Resource limits and requests for the container",
            "properties": {
                "limits": {
                    "properties": {
                        "cpu": {
                            "type": "string"
                        },
                        "memory": {
                            "type": "string"
                        }
                    },
                    "type": "object"
                },
                "requests": {
                    "properties": {
                        "cpu": {
                            "type": "string"
                        },
                        "memory": {
                            "type": "string"
                        }
                    },
                    "type": "object"
                }
            },
            "type": "object"
        },
        "resyncInterval": {
            "type": "integer"
        },
        "securityContext": {
            "description": "Security context for the deployment",
            "properties": {
                "runAsNonRoot": {
                    "type": "boolean"
                },
                "runAsUser": {
                    "type": "integer"
                }
            },
            "type": "object"
        },
        "serviceAccounts": {
            "description": "This is the serviceAccount for the operator",
            "properties": {
                "automountServiceAccountToken": {
                    "description": "Whether to automatically mount the service account token",
                    "type": "boolean"
                },
                "spark": {
                    "properties": {
                        "annotations": {
                            "properties": {},
                            "type": "object"
                        },
                        "create": {
                            "type": "boolean"
                        },
                        "name": {
                            "type": "string"
                        }
                    },
                    "type": "object"
                },
                "sparkoperator": {
                    "properties": {
                        "annotations": {
                            "properties": {},
                            "type": "object"
                        },
                        "create": {
                            "type": "boolean"
                        },
                        "name": {
                            "type": "string"
                        }
                    },
                    "type": "object"
                }
            },
            "type": "object"
        },
        "sparkJobNamespace": {
            "type": "string"
        },
        "tolerations": {
            "type": "array"
        },
        "uiService": {
            "properties": {
                "enable": {
                    "type": "boolean"
                }
            },
            "type": "object"
        },
        "webhook": {
            "properties": {
                "cleanupAnnotations": {
                    "properties": {
                        "helm.sh/hook": {
                            "type": "string"
                        },
                        "helm.sh/hook-delete-policy": {
                            "type": "string"
                        }
                    },
                    "type": "object"
                },
                "enable": {
                    "type": "boolean"
                },
                "initAnnotations": {
                    "properties": {
                        "helm.sh/hook": {
                            "type": "string"
                        },
                        "helm.sh/hook-weight": {
                            "type": "string"
                        }
                    },
                    "type": "object"
                },
                "name": {
                    "type": "string"
                },
                "namespaceSelector": {
                    "type": "string"
                },
                "port": {
                    "type": "integer"
                },
                "timeout": {
                    "type": "integer"
                }
            },
            "type": "object"
        }
    },
    "type": "object"
}