{
    "$schema": "https://json-schema.org/draft/2020-12/schema",
    "properties": {
        "Deployment": {
            "description": "This is the Secret for the \u003c\u003e",
            "properties": {
                "activeDeadlineSeconds": {
                    "description": "Active deadline in seconds for the deployment",
                    "type": "integer"
                },
                "affinity": {
                    "description": "Affinity settings for the deployment",
                    "properties": {
                        "nodeAffinity": {
                            "properties": {
                                "requiredDuringSchedulingIgnoredDuringExecution": {
                                    "properties": {
                                        "nodeSelectorTerms": {
                                            "items": {
                                                "properties": {
                                                    "matchExpressions": {
                                                        "items": {
                                                            "properties": {
                                                                "key": {
                                                                    "type": "string"
                                                                },
                                                                "operator": {
                                                                    "type": "string"
                                                                },
                                                                "values": {
                                                                    "items": {
                                                                        "type": "string"
                                                                    },
                                                                    "type": "array"
                                                                }
                                                            },
                                                            "type": "object"
                                                        },
                                                        "type": "array"
                                                    }
                                                },
                                                "type": "object"
                                            },
                                            "type": "array"
                                        }
                                    },
                                    "type": "object"
                                }
                            },
                            "type": "object"
                        },
                        "podAffinity": {
                            "properties": {
                                "requiredDuringSchedulingIgnoredDuringExecution": {
                                    "items": {
                                        "properties": {
                                            "labelSelector": {
                                                "properties": {
                                                    "matchExpressions": {
                                                        "items": {
                                                            "properties": {
                                                                "key": {
                                                                    "type": "string"
                                                                },
                                                                "operator": {
                                                                    "type": "string"
                                                                },
                                                                "values": {
                                                                    "items": {
                                                                        "type": "string"
                                                                    },
                                                                    "type": "array"
                                                                }
                                                            },
                                                            "type": "object"
                                                        },
                                                        "type": "array"
                                                    }
                                                },
                                                "type": "object"
                                            },
                                            "topologyKey": {
                                                "type": "string"
                                            }
                                        },
                                        "type": "object"
                                    },
                                    "type": "array"
                                }
                            },
                            "type": "object"
                        },
                        "podAntiAffinity": {
                            "properties": {
                                "preferredDuringSchedulingIgnoredDuringExecution": {
                                    "items": {
                                        "properties": {
                                            "podAffinityTerm": {
                                                "properties": {
                                                    "labelSelector": {
                                                        "properties": {
                                                            "matchExpressions": {
                                                                "items": {
                                                                    "properties": {
                                                                        "key": {
                                                                            "type": "string"
                                                                        },
                                                                        "operator": {
                                                                            "type": "string"
                                                                        },
                                                                        "values": {
                                                                            "items": {
                                                                                "type": "string"
                                                                            },
                                                                            "type": "array"
                                                                        }
                                                                    },
                                                                    "type": "object"
                                                                },
                                                                "type": "array"
                                                            }
                                                        },
                                                        "type": "object"
                                                    },
                                                    "topologyKey": {
                                                        "type": "string"
                                                    }
                                                },
                                                "type": "object"
                                            },
                                            "weight": {
                                                "type": "integer"
                                            }
                                        },
                                        "type": "object"
                                    },
                                    "type": "array"
                                }
                            },
                            "type": "object"
                        }
                    },
                    "type": "object"
                },
                "automountServiceAccountToken": {
                    "description": "Whether to automatically mount the service account token",
                    "type": "boolean"
                },
                "containers": {
                    "description": "Containers for the deployment",
                    "properties": {
                        "ad-tunnel-client": {
                            "description": "The container name",
                            "properties": {
                                "args": {
                                    "description": "Arguments for the container",
                                    "items": {
                                        "type": "string"
                                    },
                                    "type": "array"
                                },
                                "env": {
                                    "description": "Environment variables for the container",
                                    "properties": {
                                        "AD_DP_NAME": {
                                            "type": "string"
                                        },
                                        "AD_TENANT": {
                                            "type": "string"
                                        },
                                        "CONNECT_PORT": {
                                            "type": "string"
                                        },
                                        "FORWARDED_HOST": {
                                            "type": "string"
                                        },
                                        "FORWARDED_PORT": {
                                            "type": "string"
                                        },
                                        "INGEST_KEY": {
                                            "type": "string"
                                        },
                                        "NAMED_HOST": {
                                            "type": "string"
                                        }
                                    },
                                    "type": "object"
                                },
                                "image": {
                                    "description": "Image information for the container",
                                    "properties": {
                                        "registry": {
                                            "description": "Registry for the image",
                                            "type": "string"
                                        },
                                        "repository": {
                                            "description": "Repository for the image",
                                            "type": "string"
                                        },
                                        "tag": {
                                            "description": "Tag for the image",
                                            "type": "string"
                                        }
                                    },
                                    "required": [
                                        "registry",
                                        "repository",
                                        "tag"
                                    ],
                                    "type": "object"
                                },
                                "imagePullPolicy": {
                                    "description": "Image pull policy for the container",
                                    "type": "string"
                                },
                                "livenessProbe": {
                                    "description": "Liveness probe for the container",
                                    "properties": {},
                                    "type": "object"
                                },
                                "readinessProbe": {
                                    "description": "Readiness probe for the container",
                                    "properties": {},
                                    "type": "object"
                                },
                                "resources": {
                                    "description": "Resource limits and requests for the container",
                                    "properties": {
                                        "limits": {
                                            "properties": {
                                                "cpu": {
                                                    "type": "string"
                                                },
                                                "memory": {
                                                    "type": "string"
                                                }
                                            },
                                            "type": "object"
                                        },
                                        "requests": {
                                            "properties": {
                                                "cpu": {
                                                    "type": "string"
                                                },
                                                "memory": {
                                                    "type": "string"
                                                }
                                            },
                                            "type": "object"
                                        }
                                    },
                                    "type": "object"
                                },
                                "volumeMounts": {
                                    "description": "Volume mounts for the container",
                                    "type": "array"
                                }
                            },
                            "required": [
                                "image",
                                "resources"
                            ],
                            "type": "object"
                        }
                    },
                    "required": [
                        "ad-tunnel-client"
                    ],
                    "type": "object"
                },
                "dnsConfig": {
                    "description": "DNS configuration for the deployment",
                    "properties": {
                        "nameservers": {
                            "items": {
                                "description": "Nameservers for DNS resolution",
                                "type": "string"
                            },
                            "type": "array"
                        },
                        "options": {
                            "description": "DNS options",
                            "items": {
                                "properties": {
                                    "name": {
                                        "type": "string"
                                    },
                                    "value": {
                                        "type": "string"
                                    }
                                },
                                "type": "object"
                            },
                            "type": "array"
                        },
                        "searches": {
                            "description": "DNS search domains",
                            "items": {
                                "type": "string"
                            },
                            "type": "array"
                        }
                    },
                    "type": "object"
                },
                "dnsPolicy": {
                    "description": "The DNS policy for the deployment",
                    "type": "string"
                },
                "enableServiceLinks": {
                    "description": "Whether to enable service links",
                    "type": "boolean"
                },
                "ephemeralContainers": {
                    "description": "Ephemeral containers for the deployment",
                    "type": "array"
                },
                "hostAliases": {
                    "description": "Host aliases for the deployment",
                    "items": {
                        "properties": {
                            "hostnames": {
                                "items": {
                                    "type": "string"
                                },
                                "type": "array"
                            },
                            "ip": {
                                "type": "string"
                            }
                        },
                        "type": "object"
                    },
                    "type": "array"
                },
                "hostIPC": {
                    "description": "Whether to use host IPC",
                    "type": "boolean"
                },
                "hostNetwork": {
                    "description": "Whether to use host networking",
                    "type": "boolean"
                },
                "hostUsers": {
                    "description": "Whether to use host users",
                    "type": "boolean"
                },
                "hostname": {
                    "description": "Hostname for the deployment",
                    "type": "string"
                },
                "imagePullSecrets": {
                    "description": "Image pull secrets for the deployment",
                    "items": {
                        "properties": {
                            "name": {
                                "description": "Name of the image pull secret",
                                "type": "string"
                            }
                        },
                        "type": "object"
                    },
                    "type": "array"
                },
                "initContainers": {
                    "description": "Init containers for the deployment",
                    "type": "array"
                },
                "name": {
                    "description": "The name of the deployment",
                    "type": "string"
                },
                "nodeName": {
                    "description": "Node name for the deployment",
                    "type": "string"
                },
                "nodeSelector": {
                    "description": "Node selector for the deployment",
                    "properties": {
                        "region": {
                            "type": "string"
                        }
                    },
                    "type": "object"
                },
                "os": {
                    "description": "Operating system for the deployment",
                    "properties": {
                        "name": {
                            "type": "string"
                        }
                    },
                    "type": "object"
                },
                "overhead": {
                    "description": "Resource overhead for the deployment",
                    "properties": {
                        "cpu": {
                            "type": "string"
                        },
                        "memory": {
                            "type": "string"
                        }
                    },
                    "type": "object"
                },
                "preemptionPolicy": {
                    "description": "Preemption policy for the deployment",
                    "type": "string"
                },
                "priority": {
                    "description": "Priority for the deployment",
                    "type": "integer"
                },
                "priorityClassName": {
                    "description": "Priority class name for the deployment",
                    "type": "string"
                },
                "readinessGates": {
                    "description": "Readiness gates for the deployment",
                    "items": {
                        "properties": {
                            "conditionType": {
                                "type": "string"
                            }
                        },
                        "type": "object"
                    },
                    "type": "array"
                },
                "replicas": {
                    "description": "The number of replicas for the deployment",
                    "type": "integer"
                },
                "restartPolicy": {
                    "description": "Restart policy for the deployment",
                    "type": "string"
                },
                "schedulerName": {
                    "description": "Scheduler name for the deployment",
                    "type": "string"
                },
                "securityContext": {
                    "description": "Security context for the deployment",
                    "properties": {
                        "fsGroup": {
                            "description": "Group ID for the container's filesystem",
                            "type": "integer"
                        },
                        "fsGroupChangePolicy": {
                            "description": "Policy for changing the fsGroup",
                            "type": "string"
                        },
                        "runAsGroup": {
                            "description": "Group ID to run the container as",
                            "type": "integer"
                        },
                        "runAsNonRoot": {
                            "description": "Whether to run the container as a non-root user",
                            "type": "boolean"
                        },
                        "runAsUser": {
                            "description": "User ID to run the container as",
                            "type": "integer"
                        }
                    },
                    "type": "object"
                },
                "serviceAccount": {
                    "description": "Service account for the deployment",
                    "type": "string"
                },
                "serviceAccountName": {
                    "description": "Service account name for the deployment",
                    "type": "string"
                },
                "setHostnameAsFQDN": {
                    "description": "Whether to set the hostname as the FQDN",
                    "type": "boolean"
                },
                "shareProcessNamespace": {
                    "description": "Whether to share the process namespace",
                    "type": "boolean"
                },
                "strategy": {
                    "description": "Strategy for updating the deployment",
                    "properties": {
                        "rollingUpdate": {
                            "properties": {
                                "maxSurge": {
                                    "type": "string"
                                },
                                "maxUnavailable": {
                                    "type": "string"
                                }
                            },
                            "type": "object"
                        },
                        "type": {
                            "description": "Type of update strategy",
                            "type": "string"
                        }
                    },
                    "type": "object"
                },
                "subdomain": {
                    "description": "Subdomain for the deployment",
                    "type": "string"
                },
                "terminationGracePeriodSeconds": {
                    "description": "Termination grace period in seconds for the deployment",
                    "type": "integer"
                },
                "tolerations": {
                    "description": "Tolerations for the deployment",
                    "type": "array"
                },
                "topologySpreadConstraints": {
                    "description": "Topology spread constraints for the deployment",
                    "items": {
                        "properties": {
                            "labelSelector": {
                                "properties": {
                                    "matchLabels": {
                                        "properties": {
                                            "app": {
                                                "type": "string"
                                            }
                                        },
                                        "type": "object"
                                    }
                                },
                                "type": "object"
                            },
                            "matchLabelKeys": {
                                "items": {
                                    "type": "string"
                                },
                                "type": "array"
                            },
                            "maxSkew": {
                                "type": "integer"
                            },
                            "topologyKey": {
                                "type": "string"
                            },
                            "whenUnsatisfiable": {
                                "type": "string"
                            }
                        },
                        "type": "object"
                    },
                    "type": "array"
                },
                "volumes": {
                    "description": "Volumes for the deployment",
                    "type": "array"
                }
            },
            "required": [
                "containers"
            ],
            "type": "object"
        },
        "Secret": {
            "description": "This is the Secret for the \u003c\u003e",
            "properties": {
                "secret1": {
                    "properties": {
                        "data": {
                            "properties": {
                                "AD_INGEST_KEY": {
                                    "description": "Data key for the AD_INGEST_KEY secret",
                                    "properties": {
                                        "data": {
                                            "description": "Data value for the AD_INGEST_KEY secret",
                                            "type": "string"
                                        }
                                    },
                                    "type": "object"
                                }
                            },
                            "type": "object"
                        },
                        "mounttype": {
                            "description": "Mount type for the secret",
                            "properties": {
                                "container": {
                                    "description": "The name of the container to mount the secret to",
                                    "type": "string"
                                },
                                "dest": {
                                    "description": "The destination type for mounting",
                                    "enum": [
                                        "env",
                                        "volume"
                                    ],
                                    "type": "string"
                                }
                            },
                            "required": [
                                "dest",
                                "container"
                            ],
                            "type": "object"
                        },
                        "name": {
                            "description": "The name of the secret",
                            "type": "string"
                        }
                    },
                    "required": [
                        "mounttype",
                        "data"
                    ],
                    "type": "object"
                }
            },
            "type": "object"
        },
        "ServiceAccount": {
            "description": "This is the serviceAccount for the \u003c\u003e",
            "properties": {
                "automountServiceAccountToken": {
                    "description": "Whether to automatically mount the service account token",
                    "type": "boolean"
                },
                "imagePullSecrets": {
                    "description": "Image pull secrets for the service account",
                    "type": "array"
                },
                "name": {
                    "description": "The name of the service account",
                    "type": "string"
                },
                "secrets": {
                    "description": "Secrets for the service account",
                    "type": "array"
                }
            },
            "type": "object"
        }
    },
    "type": "object"
}