{
    "$schema": "https://json-schema.org/draft/2020-12/schema",
    "properties": {
        "Deployment": {
            "properties": {
                "containers": {
                    "description": "Containers for the deployment",
                    "properties": {
                        "redis": {
                            "description": "The container name",
                            "properties": {
                                "args": {
                                    "items": {
                                        "type": "string"
                                    },
                                    "type": "array"
                                },
                                "env": {
                                    "properties": {
                                        "REDIS_PORT": {
                                            "type": "string"
                                        }
                                    },
                                    "type": "object"
                                },
                                "image": {
                                    "description": "Image information for the container",
                                    "properties": {
                                        "registry": {
                                            "description": "Registry for the image",
                                            "type": "string"
                                        },
                                        "repository": {
                                            "description": "Repository for the image",
                                            "type": "string"
                                        },
                                        "tag": {
                                            "description": "Tag for the image",
                                            "type": "string"
                                        }
                                    },
                                    "required": [
                                        "registry",
                                        "repository",
                                        "tag"
                                    ],
                                    "type": "object"
                                },
                                "imagePullPolicy": {
                                    "type": "string"
                                },
                                "ports": {
                                    "items": {
                                        "properties": {
                                            "containerPort": {
                                                "type": "integer"
                                            },
                                            "name": {
                                                "type": "string"
                                            },
                                            "protocol": {
                                                "type": "string"
                                            }
                                        },
                                        "type": "object"
                                    },
                                    "type": "array"
                                },
                                "rawEnv": {
                                    "items": {
                                        "properties": {
                                            "name": {
                                                "type": "string"
                                            },
                                            "valueFrom": {
                                                "properties": {
                                                    "secretKeyRef": {
                                                        "properties": {
                                                            "key": {
                                                                "type": "string"
                                                            },
                                                            "name": {
                                                                "type": "string"
                                                            }
                                                        },
                                                        "type": "object"
                                                    }
                                                },
                                                "type": "object"
                                            }
                                        },
                                        "type": "object"
                                    },
                                    "type": "array"
                                },
                                "resources": {
                                    "description": "Resource limits and requests for the container",
                                    "properties": {
                                        "limits": {
                                            "properties": {
                                                "cpu": {
                                                    "type": "string"
                                                },
                                                "ephemeral-storage": {
                                                    "type": "string"
                                                },
                                                "memory": {
                                                    "type": "string"
                                                }
                                            },
                                            "type": "object"
                                        },
                                        "requests": {
                                            "properties": {
                                                "cpu": {
                                                    "type": "string"
                                                },
                                                "ephemeral-storage": {
                                                    "type": "string"
                                                },
                                                "memory": {
                                                    "type": "string"
                                                }
                                            },
                                            "type": "object"
                                        }
                                    },
                                    "type": "object"
                                },
                                "volumeMounts": {
                                    "description": "Volume mounts for the container",
                                    "type": "array"
                                },
                                "securityContext": {
                                    "properties": {
                                        "runAsGroup": {
                                            "type": "integer"
                                        },
                                        "runAsNonRoot": {
                                            "type": "boolean"
                                        },
                                        "runAsUser": {
                                            "type": "integer"
                                        }
                                    },
                                    "type": "object"
                                }
                            },
                            "required": [
                                "image",
                                "resources"
                            ],
                            "type": "object"
                        }
                    },
                    "required": [
                        "redis"
                    ],
                    "type": "object"
                },
                "imagePullSecrets": {
                    "items": {
                        "properties": {
                            "name": {
                                "type": "string"
                            }
                        },
                        "type": "object"
                    },
                    "type": "array"
                },
                "replicas": {
                    "type": "integer"
                },
                "strategy": {
                    "properties": {
                        "rollingUpdate": {
                            "properties": {
                                "maxSurge": {
                                    "type": "string"
                                },
                                "maxUnavailable": {
                                    "type": "string"
                                }
                            },
                            "type": "object"
                        },
                        "type": {
                            "type": "string"
                        }
                    },
                    "type": "object"
                },
                "volumes": {
                    "description": "Volumes for the deployment",
                    "type": "array"
                }
            },
            "required": [
                "containers"
            ],
            "type": "object"
        },
        "Secret": {
            "properties": {
                "redis": {
                    "properties": {
                        "data": {
                            "description": "Data entries for the secret",
                            "properties": {
                                "redis-password": {
                                    "description": "The data entry for the Redis password",
                                    "properties": {
                                        "data": {
                                            "description": "The actual password data",
                                            "type": "string"
                                        }
                                    },
                                    "type": "object"
                                }
                            },
                            "type": "object"
                        },
                        "mounttype": {
                            "description": "The type of mount for the secret",
                            "properties": {
                                "container": {
                                    "description": "The container for the mount",
                                    "type": "string"
                                },
                                "dest": {
                                    "description": "The destination for the mount",
                                    "enum": [
                                        "env",
                                        "volume"
                                    ],
                                    "type": "string"
                                }
                            },
                            "required": [
                                "dest",
                                "container"
                            ],
                            "type": "object"
                        },
                        "name": {
                            "description": "The name of the secret",
                            "type": "string"
                        }
                    },
                    "required": [
                        "mounttype",
                        "data"
                    ],
                    "type": "object"
                }
            },
            "type": "object"
        },
        "Service": {
            "description": "This is the service for the \u003c\u003e",
            "properties": {
                "redis-master": {
                    "properties": {
                        "allocateLoadBalancerNodePorts": {
                            "description": "Whether to allocate node ports on load balancer",
                            "type": "boolean"
                        },
                        "clusterIP": {
                            "description": "Cluster IP address",
                            "type": "string"
                        },
                        "clusterIPs": {
                            "description": "List of cluster IP addresses",
                            "items": {
                                "type": "string"
                            },
                            "type": "array"
                        },
                        "externalIPs": {
                            "description": "List of external IP addresses",
                            "items": {
                                "type": "string"
                            },
                            "type": "array"
                        },
                        "externalName": {
                            "description": "External name for the service",
                            "type": "string"
                        },
                        "externalTrafficPolicy": {
                            "description": "External traffic policy (Cluster, Local)",
                            "type": "string"
                        },
                        "healthCheckNodePort": {
                            "description": "Node port for health checks",
                            "type": "integer"
                        },
                        "internalTrafficPolicy": {
                            "description": "Internal traffic policy (Cluster, Local)",
                            "type": "string"
                        },
                        "ipFamilies": {
                            "description": "List of IP families (IPv4, IPv6)",
                            "items": {
                                "type": "string"
                            },
                            "type": "array"
                        },
                        "ipFamilyPolicy": {
                            "description": "IP family policy (RequireDualStack, RequireIPv4, RequireIPv6)",
                            "type": "string"
                        },
                        "loadBalancerClass": {
                            "description": "Load balancer class for the service",
                            "type": "string"
                        },
                        "loadBalancerIP": {
                            "description": "Load balancer IP address",
                            "type": "string"
                        },
                        "loadBalancerSourceRanges": {
                            "description": "List of load balancer source IP ranges",
                            "items": {
                                "type": "string"
                            },
                            "type": "array"
                        },
                        "nodePort": {
                            "description": "Node port",
                            "type": "integer"
                        },
                        "ports": {
                            "description": "List of ports for the service",
                            "items": {
                                "properties": {
                                    "name": {
                                        "description": "The name of the port",
                                        "type": "string"
                                    },
                                    "port": {
                                        "description": "The port number the service will listen on",
                                        "type": "integer"
                                    },
                                    "protocol": {
                                        "description": "The protocol used for the port (TCP, UDP, SCTP)",
                                        "type": "string"
                                    },
                                    "targetPort": {
                                        "description": "The port on the pod the service will forward traffic to",
                                        "type": "string"
                                    }
                                },
                                "type": "object"
                            },
                            "type": "array"
                        },
                        "publishNotReadyAddresses": {
                            "description": "Whether to publish not-ready addresses for this service",
                            "type": "boolean"
                        },
                        "selector": {
                            "description": "The selector for the service",
                            "properties": {},
                            "type": "object"
                        },
                        "sessionAffinity": {
                            "description": "Session affinity type for the service",
                            "type": "string"
                        },
                        "sessionAffinityConfig": {
                            "description": "Session affinity config for client IP",
                            "properties": {
                                "clientIP": {
                                    "properties": {
                                        "timeoutSeconds": {
                                            "type": "integer"
                                        }
                                    },
                                    "type": "object"
                                }
                            },
                            "type": "object"
                        },
                        "trafficDistribution": {
                            "description": "Traffic distribution (Cluster, Local)",
                            "type": "string"
                        },
                        "type": {
                            "description": "The type of service (ClusterIP, NodePort, LoadBalancer, ExternalName)",
                            "type": "string"
                        }
                    },
                    "required": [
                        "ports"
                    ],
                    "type": "object"
                }
            },
            "type": "object"
        },
        "ServiceAccount": {
            "description": "This is the serviceAccount for the \u003c\u003e",
            "properties": {
                "automountServiceAccountToken": {
                    "description": "Whether to automatically mount the service account token",
                    "type": "boolean"
                },
                "imagePullSecrets": {
                    "description": "Image pull secrets for the service account",
                    "type": "array"
                },
                "name": {
                    "description": "The name of the service account",
                    "type": "string"
                },
                "secrets": {
                    "description": "Secrets for the service account",
                    "type": "array"
                }
            },
            "type": "object"
        },
        "global": {
            "properties": {
                "affinity": {
                    "properties": {
                        "podAffinity": {
                            "properties": {
                                "requiredDuringSchedulingIgnoredDuringExecution": {
                                    "items": {
                                        "properties": {
                                            "labelSelector": {
                                                "properties": {
                                                    "matchExpressions": {
                                                        "items": {
                                                            "properties": {
                                                                "key": {
                                                                    "type": "string"
                                                                },
                                                                "operator": {
                                                                    "type": "string"
                                                                },
                                                                "values": {
                                                                    "items": {
                                                                        "type": "string"
                                                                    },
                                                                    "type": "array"
                                                                }
                                                            },
                                                            "type": "object"
                                                        },
                                                        "type": "array"
                                                    }
                                                },
                                                "type": "object"
                                            },
                                            "topologyKey": {
                                                "type": "string"
                                            }
                                        },
                                        "type": "object"
                                    },
                                    "type": "array"
                                }
                            },
                            "type": "object"
                        },
                        "podAntiAffinity": {
                            "properties": {
                                "preferredDuringSchedulingIgnoredDuringExecution": {
                                    "items": {
                                        "properties": {
                                            "podAffinityTerm": {
                                                "properties": {
                                                    "labelSelector": {
                                                        "properties": {
                                                            "matchExpressions": {
                                                                "items": {
                                                                    "properties": {
                                                                        "key": {
                                                                            "type": "string"
                                                                        },
                                                                        "operator": {
                                                                            "type": "string"
                                                                        },
                                                                        "values": {
                                                                            "items": {
                                                                                "type": "string"
                                                                            },
                                                                            "type": "array"
                                                                        }
                                                                    },
                                                                    "type": "object"
                                                                },
                                                                "type": "array"
                                                            }
                                                        },
                                                        "type": "object"
                                                    },
                                                    "topologyKey": {
                                                        "type": "string"
                                                    }
                                                },
                                                "type": "object"
                                            },
                                            "weight": {
                                                "type": "integer"
                                            }
                                        },
                                        "type": "object"
                                    },
                                    "type": "array"
                                }
                            },
                            "type": "object"
                        }
                    },
                    "type": "object"
                },
                "annotations": {
                    "properties": {
                        "acceldata.io/dataplane": {
                            "type": "string"
                        },
                        "acceldata.io/tenant": {
                            "type": "string"
                        }
                    },
                    "type": "object"
                },
                "appData": {
                    "properties": {
                        "accountBaseDomain": {
                            "type": "string"
                        },
                        "analyticsImageVersion": {
                            "type": "string"
                        },
                        "apiAccessKey": {
                            "type": "string"
                        },
                        "apiSecretKey": {
                            "type": "string"
                        },
                        "controlPlaneBaseDomain": {
                            "type": "string"
                        },
                        "dataplane": {
                            "type": "string"
                        },
                        "executionEnv": {
                            "type": "string"
                        },
                        "ingestKey": {
                            "type": "string"
                        },
                        "oidcClient": {
                            "type": "string"
                        },
                        "oidcSecret": {
                            "type": "string"
                        },
                        "tenant": {
                            "type": "string"
                        },
                        "tunnelServerBaseDomain": {
                            "type": "string"
                        }
                    },
                    "type": "object"
                },
                "labels": {
                    "properties": {
                        "dataplane": {
                            "type": "string"
                        },
                        "tenant": {
                            "type": "string"
                        }
                    },
                    "type": "object"
                },
                "tolerations": {
                    "items": {
                        "properties": {
                            "effect": {
                                "type": "string"
                            },
                            "key": {
                                "type": "string"
                            },
                            "operator": {
                                "type": "string"
                            },
                            "value": {
                                "type": "string"
                            }
                        },
                        "type": "object"
                    },
                    "type": "array"
                }
            },
            "type": "object"
        }
    },
    "type": "object"
}